1,2,3,4,5,6,7,8,9,10,11,12,13,14,15
0.62313,0.22014,0.55683,0.63786,-0.23341,-0.36077,0.46016,0.21544,-0.75053,0.15093,0.32179,0.33551,-0.36077,-0.6262,0
-2.1395,-2.4394,-2.5293,-2.3397,-1.5203,-0.69858,1.7976,2.5687,-0.67876,-1.8789,-1.8399,0.6299,-0.69858,3.0806,0
-2.1342,-2.1682,-2.2555,-2.334,-0.81003,-0.3612,0.1203,0.32221,-0.57031,-1.5012,-1.9475,-0.65304,-0.3612,3.0663,0
1.4685,0.73843,1.5744,1.2936,1.5453,-0.36269,-0.67495,-0.88444,0.52657,1.7819,0.9135,-0.51143,-0.36269,-0.99172,0
-0.0053492,-0.3276,-0.13039,0.026281,-0.54522,-0.36407,0.60581,0.48988,-1.088,-0.11022,-0.60931,-1.0365,-0.36407,-0.20284,0
0.30924,-0.31806,0.20144,0.035897,0.43108,-0.36225,-0.094953,-0.27727,0.50385,-0.48709,-0.96246,-0.77087,-0.36225,-0.21024,0
0.30699,0.15609,0.32444,0.33006,0.32536,-0.36268,-0.1787,-0.32526,0.15003,0.41584,-0.28972,-0.89948,-0.36268,-0.42462,0
0.31279,-0.31444,-0.13626,0.039542,-0.45617,-0.69751,0.51415,0.37534,0.81312,-0.54462,-0.40734,0.79876,-0.69751,-0.21305,0
1.2241,0.73864,1.5542,1.2197,1.8904,-0.36265,-0.77174,-0.96667,0.43608,0.81328,0.84591,-0.37603,-0.36265,-0.95531,0
1.5337,0.74247,1.5149,1.2237,1.5641,-0.36205,-0.67994,-0.87043,1.6092,3.1231,0.63856,-2.595,-0.36205,-0.95733,0
0.00084899,-0.4003,-0.25972,0.033036,-1.1808,-0.3628,0.73573,0.62469,-0.18398,-0.33367,-0.57789,-0.086232,-0.3628,-0.20804,0
1.2923,0.74587,1.3278,1.2272,0.60711,-0.36151,-0.474,-0.7305,-0.080715,0.97986,0.66883,-0.42349,-0.36151,-0.95912,0
1.5311,0.73992,1.2824,1.5176,0.4664,-0.36246,-0.018262,-0.34151,0.07861,2.2902,0.17697,-2.4331,-0.36246,-1.102,0
1.222,0.73642,1.293,1.2175,0.99553,-0.36301,-0.4078,-0.69072,1.8097,1.2417,1.0828,-0.50828,-0.36301,-0.95413,0
-0.60625,-0.84562,-0.58596,-0.55528,-0.28014,-0.36181,-0.052711,-0.078895,0.51346,-0.39609,0.040857,0.46691,-0.36181,0.30091,0
0.30664,-0.056033,0.51624,0.033222,1.565,-0.36275,-0.7612,-0.86466,-0.77422,0.19218,0.99513,1.1054,-0.36275,-0.20819,0
0.61402,0.47526,0.69651,0.62803,0.34792,-0.36244,0.10951,-0.12705,-0.40733,0.4072,0.88804,-0.0037278,-0.36244,-0.62009,0
1.2233,0.7378,1.1324,1.2189,-0.00095049,-0.027257,0.011791,-0.32538,-0.48067,1.0066,1.3832,1.2699,-0.027257,-0.95485,0
1.2357,0.75066,0.95138,1.2321,-0.72377,-0.36075,0.88443,0.60948,0.51418,0.58129,2.3999,1.668,-0.36075,-0.96165,0
0.30673,-0.32063,-0.0014045,0.033309,-0.47191,-0.36274,0.63562,0.4947,0.49552,0.18222,0.33119,-0.40806,-0.36274,-0.20825,0
0.31316,0.21596,0.54775,0.33676,1.365,-0.1935,-0.6921,-0.82666,-1.0373,0.29514,0.31363,0.091476,-0.1935,-0.42924,0
-0.91428,-1.113,-1.0309,-0.8544,-0.60623,-0.36235,0.53284,0.5342,-0.001331,-0.83069,-0.32842,0.7848,-0.36235,0.6113,0
0.30803,-0.054552,0.13711,0.18292,-0.067859,-0.36249,0.42621,0.19248,-0.15949,0.023465,-0.028534,-0.25205,-0.36249,-0.31734,0
-2.1418,-2.4421,-2.4232,-2.3422,-1.3072,-0.36402,1.0881,1.5952,-0.64487,-1.7661,-1.8762,0.45169,-0.36402,3.087,0
0.31315,-0.31408,-0.044043,0.33675,-1.1788,-0.69747,1.7552,1.8477,-0.88906,-0.22531,-0.41229,-0.31742,-0.69747,-0.42923,0
-2.1401,-2.4402,-2.4921,-2.3404,-1.4499,-0.3634,1.4893,2.101,-0.74087,-1.56,-1.7736,0.38408,-0.3634,3.0824,0
0.30481,-0.2432,0.14571,0.3277,-0.34757,-0.69854,0.55032,0.35728,-0.85526,-0.14266,0.29059,-0.33702,-0.69854,-0.42299,0
0.30725,-0.055388,0.1899,0.33034,-0.27575,-0.36264,0.44781,0.2307,-0.12272,-0.33388,-0.92117,-0.81667,-0.36264,-0.42481,0
1.2277,0.74236,1.3287,1.2236,0.92031,-0.36207,-0.46245,-0.7043,0.48,1.2116,1.6197,0.80272,-0.36207,-0.95727,0
1.5314,0.74023,1.4468,1.5179,1.054,-0.36241,-0.46767,-0.77051,0.83718,2.7655,0.46275,-2.3421,-0.36241,-1.1022,0
0.61768,-0.050559,0.44375,0.33524,0.61116,-0.36177,-0.31741,-0.52246,-0.33473,0.6587,-0.011985,-0.46854,-0.36177,-0.42819,0
1.2854,0.73875,1.2104,1.2199,0.036601,-0.36265,0.0023601,-0.3188,-0.42599,1.6287,0.79497,-0.99578,-0.36265,-0.95536,0
1.2334,0.7483,1.3065,1.2297,0.94672,-0.36112,-0.21831,-0.52144,0.55561,1.0959,0.34164,-0.54983,-0.36112,-0.96041,0
-0.91979,-1.1192,-0.94526,-0.86057,-0.50201,-0.36375,0.45781,0.42913,0.68188,-0.63797,-0.4696,-0.68919,-0.36375,0.61814,0
0.29737,-0.11879,0.11239,0.023702,-0.13519,-0.36455,0.42839,0.22402,0.84141,0.0072612,0.084766,0.27254,-0.36455,-0.20085,0
-2.1405,-2.1761,-2.2564,-2.0445,-0.90015,-0.36352,0.48276,0.7912,-0.98014,-1.4595,-1.1369,1.0102,-0.36352,2.4106,0
0.29642,0.19719,0.3146,0.3186,0.61892,-0.029841,-0.30542,-0.47113,0.21408,-0.57505,-0.21421,0.36795,-0.029841,-0.41669,0
0.30405,-0.058813,0.26655,0.17871,0.040628,-0.36326,-0.040586,-0.27152,-0.44224,-0.069211,-0.36801,-0.44847,-0.36326,-0.31427,0
0.30405,-0.058813,0.26655,0.25279,0.13305,-0.36326,-0.10728,-0.3262,-0.27922,-0.13194,-0.40604,-0.36056,-0.36326,-0.36834,0
1.2334,0.74829,1.1868,1.2296,0.34404,-0.2771,0.063062,-0.26234,1.0001,0.71182,1.0158,-0.27978,-0.2771,-0.9604,1
0.3115,-0.050836,0.11246,0.33496,-0.23255,-0.36182,0.60849,0.43005,0.42372,0.15398,-0.71196,-1.2789,-0.36182,-0.428,1
1.2209,0.73525,1.1019,1.2163,-0.53927,-0.3632,-0.075908,-0.39493,-0.20479,0.79826,0.97865,-0.61551,-0.3632,-0.95351,1
1.5309,0.7397,1.4456,1.2208,1.1816,-0.36249,-0.48018,-0.75309,-0.60864,1.8009,0.57985,-1.5825,-0.36249,-0.95587,1
-2.1396,-2.4396,-2.4137,-2.3398,-0.84161,-0.61476,1.0029,1.2153,-1.3767,-2.2637,-2.6427,-0.15762,-0.61476,3.0809,1
-1.5208,-0.31073,-1.4218,-1.4418,-0.49604,0.31151,-0.92803,-0.78175,-0.53463,-0.86713,-0.77571,0.28365,0.31151,1.3608,0
-0.60882,-1.1133,-1.0073,-0.85469,-1.3747,-0.36243,1.2145,1.3898,-0.08793,-0.49464,-1.0581,-0.76513,-0.36243,0.61163,0
-1.1593,0.47516,-0.78305,-1.1514,-0.0036853,0.30886,-1.037,-0.89457,-0.11477,-0.77054,-0.75785,-0.057743,0.30886,0.96374,0
0.92042,0.74076,1.1117,0.92533,1.2825,-0.026619,-0.63962,-0.80946,0.15603,1.2365,0.99718,-0.40852,-0.026619,-0.79647,0
-0.60904,1.7988,0.48744,1.5175,0.91833,2.6584,-2.1321,-1.3746,-0.28222,-0.058755,0.67488,1.3638,2.6584,-1.102,0
-0.58213,2.0571,0.91683,1.8821,1.2813,2.9903,-2.1742,-1.3543,-0.14345,0.67005,0.56224,0.18562,2.9903,-1.2641,0
-0.63712,1.7502,0.17788,-0.29491,1.62,2.882,-1.6107,-1.2286,1.0455,0.11991,0.37284,0.04319,2.882,0.060914,0
-0.62099,1.7781,0.25927,-0.27589,1.5347,3.1492,-1.7127,-1.2588,0.0037957,-0.077726,0.49489,0.98779,3.1492,0.044362,0
-0.61517,1.5767,-0.054154,-0.26905,1.4271,2.3174,-1.2047,-1.0085,4.201,0.30728,-0.012022,-0.32178,2.3174,0.038434,0
-0.61937,2.0451,0.7208,0.021842,1.6198,3.3183,-2.0169,-1.3338,-0.88488,-0.71599,0.15341,1.4792,3.3183,-0.19941,0
-0.60896,1.9049,0.6304,0.034822,1.537,2.9941,-1.7226,-1.1743,0.53136,1.3767,0.92104,-0.26793,2.9941,-0.20942,0
-0.62857,1.765,0.044532,-0.58003,1.6353,2.64,-1.3711,-1.1264,0.30555,0.50176,0.25662,-0.55336,2.64,0.3251,0
0.30482,-0.057987,0.14159,0.32771,-0.20588,-0.36311,0.15788,-0.077422,0.55019,0.27078,-0.45007,-1.0524,-0.36311,-0.42299,0
-0.62857,1.765,0.044532,-0.58003,1.6493,2.64,-1.3865,-1.1279,0.19349,0.47279,0.27042,-0.30524,2.64,0.3251,0
-0.61697,2.2608,0.42317,-0.56716,1.8443,3.321,-1.6908,-1.2602,2.0972,0.54342,0.14448,-0.87077,3.321,0.3125,0
0.91974,0.58117,1.1468,0.92459,1.7337,-0.02678,-0.85132,-0.93493,-0.2819,1.4364,2.0978,-0.94685,-0.02678,-0.79606,0
1.5034,0.97616,1.7315,1.4882,1.7264,-0.36679,-1.0398,-1.1313,-0.35554,0.49883,0.73364,0.43215,-0.36679,-1.0881,0
-1.2264,0.46518,-0.99204,-1.1582,0.078218,1.3952,-1.4652,-1.2171,-0.87334,-0.26011,-0.85829,-0.79578,1.3952,0.97241,0
-0.61232,1.7931,0.10359,-0.56201,1.2566,2.9907,-1.6453,-1.2321,0.076308,0.67074,1.0454,0.25319,2.9907,0.30746,0
-0.91401,2.065,0.31701,-0.26089,1.8771,3.3305,-1.7039,-1.2537,0.12576,0.94719,0.59257,-0.94706,3.3305,0.031392,0
-0.61433,-0.85461,-0.70368,-0.86041,0.037469,-0.36371,-0.12251,-0.19782,-0.57245,-0.47262,-0.4959,0.033261,-0.36371,0.61797,0
-0.91183,-1.0837,-0.74612,-0.85165,0.31662,-0.36173,-0.38403,-0.48213,0.0052203,-0.50413,-0.30095,0.25155,-0.36173,0.60826,0
-0.61083,1.1077,-0.25255,-0.56035,1.1685,0.47588,-0.95889,-0.86166,2.1432,0.19189,0.51757,-0.13108,0.47588,0.30585,0
-0.60617,-1.084,-0.76227,-0.5552,-0.42772,-0.3618,0.28852,0.20956,-0.88643,-0.28613,-0.48202,-0.46072,-0.3618,0.30084,0
-0.60846,1.6409,0.07109,-0.55774,1.6384,2.4911,-1.3332,-1.0756,1.3911,0.48789,1.0898,0.15921,2.4911,0.3033,0
-1.5306,-0.06177,-1.3417,-1.7493,-0.022303,1.1446,-1.2595,-1.0666,-0.66155,-0.83501,-0.26023,0.82827,1.1446,1.8518,0
-0.91667,-0.95689,-0.89523,-1.1535,0.18272,-0.36296,-0.65535,-0.64965,-0.55476,-0.71259,0.27523,1.5981,-0.36296,0.96639,0
-0.60696,2.0673,0.30186,-0.25938,1.5982,2.9961,-1.5094,-1.1245,-0.14087,0.38093,0.29013,0.50827,2.9961,0.030089,0
-0.92737,1.1947,-0.48807,-0.86904,1.0442,2.311,-1.3499,-1.0974,0.10643,-0.15534,0.11121,0.46139,2.311,0.62757,0
-0.60832,1.8001,0.3169,-0.26097,1.308,2.9947,-1.702,-1.2207,-0.057864,0.87445,0.81707,-0.64199,2.9947,0.031458,0
-0.61368,1.2618,-0.13545,-0.56353,1.1287,1.6481,-1.1355,-0.97879,3.9773,-0.43341,-0.007685,0.56638,1.6481,0.30894,0
-0.91488,1.7456,-0.25037,-0.85507,1.3862,2.0709,-1.1011,-0.92582,-0.55345,0.034419,0.83881,1.1796,2.0709,0.61204,0
-0.60502,1.2758,-0.060143,-0.25709,0.58547,1.3183,-1.0615,-0.8841,0.54572,0.076974,0.45604,0.15806,1.3183,0.028119,0
-0.42612,1.5332,1.0379,2.4062,0.24529,2.3223,-2.6847,-1.3425,-0.14094,-0.21637,0.71948,1.4219,2.3223,-1.4724,0
-0.00094779,-0.11118,0.11682,0.031085,0.1941,-0.1116,-0.43073,-0.61992,0.31298,-0.31744,-0.044012,0.24273,-0.1116,-0.20654,0
-1.0439,1.2571,-0.2665,-0.86279,1.1678,2.6512,-1.6059,-1.1921,0.14686,0.17645,-0.19114,-1.1701,2.6512,0.62062,0
-0.92298,1.2551,0.047226,-0.27226,1.0522,2.985,-1.7965,-1.2195,0.14348,0.6045,-0.34558,-1.466,2.985,0.041211,0
0.67646,1.0063,1.2695,0.92605,1.7036,0.22534,-1.0196,-1.0029,-0.56323,2.1963,1.3159,-1.8295,0.22534,-0.79688,0
-0.91841,1.5275,-0.0012354,-0.56273,1.1485,2.99,-1.6989,-1.1487,-0.64095,0.46824,-0.51463,-1.5176,2.99,0.30816,0
-0.93351,0.97332,-0.5038,-1.1711,0.68174,2.2218,-1.2684,-1.0306,-0.096805,-0.005946,-0.24826,-0.20211,2.2218,0.98887,0
1.4145,1.2757,1.6912,1.5238,1.3196,0.31037,-0.84773,-0.856,0.50557,1.1974,1.4159,-0.1682,0.31037,-1.1049,0
-0.93505,1.4976,0.22316,0.89258,1.1997,2.6378,-1.7956,-1.1764,0.29632,0.74416,0.70939,-0.23615,2.6378,-0.77788,0
-0.9168,1.5833,0.2179,-0.56082,1.4325,2.9918,-1.8093,-1.2175,-0.001047,0.19332,-0.15294,-0.31078,2.9918,0.30631,0
-0.55582,1.623,0.82868,1.9025,0.79089,2.5385,-2.0824,-1.1862,-0.7917,1.1661,-0.21246,-1.5664,2.5385,-1.2737,0
-0.96666,0.97038,-0.26704,-0.62034,0.81646,2.6058,-1.6477,-1.1768,0.89984,0.023203,0.15511,-0.16546,2.6058,0.36505,0
0.12468,-0.31921,0.23365,0.034733,0.75324,-0.36247,-0.5222,-0.65608,-0.29192,0.29687,-0.031175,-0.9596,-0.36247,-0.20935,0
-1.5248,0.74237,-0.94227,-1.4465,0.58125,2.66,-1.7008,-1.2903,-0.52878,-0.91732,-0.20189,1.121,2.66,1.3676,0
-0.60968,2.0624,0.58935,0.033932,1.671,3.1612,-1.835,-1.2786,3.9675,0.17567,1.1561,1.2795,3.1612,-0.20873,0
-0.86744,1.3513,-0.16806,-0.80196,1.1384,2.5365,-1.5642,-1.1939,1.3809,0.035583,0.44398,0.69569,2.5365,0.5539,0
-0.92218,1.2565,-0.17179,-0.56723,0.9017,2.4833,-1.4495,-1.0626,-0.32259,0.24526,0.24613,0.11312,2.4833,0.31257,0
-0.62488,0.8218,-0.28403,-0.57594,0.92892,0.46982,-0.85458,-0.77229,1.5161,-0.2071,-0.045241,-0.025295,0.46982,0.32108,0
-0.61751,1.7841,0.28008,-0.2718,1.2809,2.6504,-1.6859,-1.2381,0.25122,0.26,0.87382,0.62953,2.6504,0.040816,0
0.62468,2.344,1.1951,0.63954,1.7959,1.3211,-1.217,-1.0644,0.021939,1.5894,1.4726,-0.39465,1.3211,-0.62724,0
1.499,0.95019,1.745,1.516,1.8331,-0.36269,-1.019,-1.1023,-0.41977,1.5418,0.92408,-0.5756,-0.36269,-1.1013,0
1.3156,0.95019,1.693,1.516,1.8815,-0.36269,-0.97056,-1.0722,-0.0019453,1.6747,0.42495,-1.5113,-0.36269,-1.1013,0
1.5296,0.97666,1.693,1.516,1.802,-0.36269,-0.98918,-1.0819,0.10869,1.7133,1.5902,0.097452,-0.36269,-1.1013,0
0.0024014,-0.31921,0.23365,0.034732,0.85837,-0.36247,-0.56574,-0.70919,-0.13187,0.35882,-0.095448,-0.86867,-0.36247,-0.20935,0
-1.0976,0.74076,-0.64973,-0.85425,0.47144,1.6519,-1.2118,-1.0203,0.13228,-0.30706,-0.60602,0.35298,1.6519,0.61114,0
-1.5257,0.21117,-1.1129,-1.4474,-0.023691,1.6519,-1.2957,-1.0363,-0.47139,-0.69024,-0.5241,0.25918,1.6519,1.3691,0
-1.5484,-0.35414,-1.434,-1.4735,-0.58835,0.25607,-1.081,-0.91384,-0.29206,-1.0033,-1.6006,-0.5381,0.25607,1.4077,0
-0.84745,0.7495,-0.33654,-0.55114,1.1913,0.31139,-0.87818,-0.81598,0.73401,-1.0628,-1.7191,-0.46654,0.31139,0.29689,0
-1.2149,0.7495,-0.53081,-0.84814,1.0472,1.9922,-1.1085,-0.9568,0.11685,-1.1965,-2.1306,-0.97983,1.9922,0.60439,0
-1.2054,0.65949,-0.63118,-1.1345,0.10714,2.1693,-1.5568,-1.16,-0.047996,-0.62202,-0.43481,-0.34346,2.1693,0.94231,0
-1.2054,0.65949,-0.63118,-1.1345,0.10692,2.0008,-1.5466,-1.159,-0.04858,-0.55804,-0.70357,-0.66091,2.0008,0.94231,0
-1.2054,0.76582,-0.63118,-1.1345,0.10207,2.043,-1.5706,-1.1594,0.26963,-0.53904,-0.59039,-0.64495,2.043,0.94231,0
-1.2054,0.60632,-0.68675,-1.1345,0.12309,2.0008,-1.5587,-1.1642,0.060043,-0.44796,-0.61534,-0.50676,2.0008,0.94231,0
1.5378,0.74652,1.383,1.5247,-0.0925,-0.36141,-0.10482,-0.44627,0.030003,0.85384,2.0328,1.1011,-0.36141,-1.1054,0
0.62313,0.22014,0.57017,0.63786,-0.1447,-0.36077,0.42585,0.20066,-0.55125,0.22694,0.15967,-0.072591,-0.36077,-0.6262,0
0.094113,-0.31921,0.23365,0.034733,0.7967,-0.36247,-0.50322,-0.65799,-0.21672,0.07537,-0.13479,-0.46085,-0.36247,-0.20935,0
-1.5381,0.18967,-1.2672,-1.7572,0.076063,1.6407,-1.4375,-1.1771,-0.0023369,-0.62088,-0.56439,0.12164,1.6407,1.8656,0
-1.2194,0.47688,-0.83714,-1.1502,-0.13119,1.9041,-1.5012,-1.14,-0.88006,-0.32801,-0.68136,-0.63221,1.9041,0.96225,0
-0.91448,1.2698,-0.07714,-0.55805,0.96049,2.6586,-1.5766,-1.1015,0.49666,-0.58007,0.51919,1.3962,2.6586,0.30361,0
0.60032,0.98832,1.4233,0.9091,2.5684,0.63953,-1.0758,-1.0641,-0.47188,1.2169,1.4249,-0.18074,0.63953,-0.78728,0
-0.61495,0.99542,-0.27987,-0.56493,0.75668,0.516,-0.98361,-0.88597,0.37716,0.038899,0.099813,-0.44751,0.516,0.31031,0
-1.0361,0.84723,-0.64929,-1.1505,0.62021,1.3164,-1.1926,-1.011,1.9601,-0.26624,-0.34388,-0.043469,1.3164,0.96259,0
1.5455,1.0461,2.0558,1.5329,2.5639,-0.36019,-1.0917,-1.1338,0.76586,1.3887,0.878,-0.90503,-0.36019,-1.1092,0
-0.59936,0.91339,-0.26456,-0.54765,1.1525,0.31263,-0.91254,-0.82616,0.92242,0.64509,-0.23004,-1.0219,0.31263,0.2935,0
-0.9119,1.2743,-0.26803,-0.85172,0.88958,2.6613,-1.5357,-1.1143,-0.51112,-0.49032,-0.48066,0.13433,2.6613,0.60834,0
-0.98587,1.2518,-0.41315,-0.86626,1.0857,2.6481,-1.435,-1.1137,-0.45698,-0.18022,-0.10144,0.092684,2.6481,0.62448,0
0.61714,0.47872,0.62978,0.63141,0.061463,-0.026015,0.23376,0.0078131,-0.52832,0.97246,0.16524,-0.31143,-0.026015,-0.62219,0
-1.2142,1.0159,-0.67754,-1.1444,0.30246,2.329,-1.6503,-1.2398,-0.39156,-0.33606,-0.75641,-0.63642,2.329,0.95481,0
0.57114,0.42782,0.70801,0.58183,0.93786,-0.20376,-0.33949,-0.55732,-0.28996,0.59621,0.49783,-0.448,-0.20376,-0.59108,0
0.83487,0.64718,0.91464,0.8336,0.99537,-0.046393,-0.68301,-0.82509,-0.46233,1.0783,0.62057,-0.39382,-0.046393,-0.74388,0
1.2174,0.99606,1.5153,1.2126,1.6549,-0.028547,-0.91182,-0.95314,-0.59135,1.893,1.6066,-0.83402,-0.028547,-0.9516,0
1.2174,0.99606,1.5153,1.2126,1.6144,-0.028547,-0.90293,-0.95174,-0.3465,1.9825,2.3457,-0.5912,-0.028547,-0.9516,0
0.30959,0.21196,0.70718,0.33289,1.2821,-0.026443,-0.74644,-0.82133,-1.0509,0.071749,0.2687,-0.25313,-0.026443,-0.42657,0
-1.5285,0.20632,-1.1903,-1.4507,-0.036305,1.6494,-1.1911,-0.97234,-0.75075,-0.52153,-0.55311,-0.065162,1.6494,1.3738,0
-1.1539,0.4839,-0.78636,-0.84846,-0.037623,0.31126,-1.087,-0.94722,-0.071381,-0.86848,-0.70194,0.54214,0.31126,0.60473,0
-0.61132,1.7949,0.42292,0.031878,1.3642,2.824,-1.615,-1.1664,-0.018942,0.59577,-0.22882,-0.9898,2.824,-0.20715,0
-0.91469,1.4812,-0.14528,-0.55829,0.99938,2.7424,-1.8013,-1.3198,-0.55267,-0.45255,-0.62234,-0.50771,2.7424,0.30384,0
-0.3066,-0.85214,-0.68413,-0.26544,-1.6716,-0.6986,2.0518,2.4052,0.28054,-1.3319,-1.2401,0.83672,-0.6986,0.035315,0
-1.0672,0.74055,-0.5684,-0.8544,0.52593,1.9875,-1.2196,-1.0081,-0.84397,-0.33201,0.20211,1.3433,1.9875,0.6113,0
-0.58567,1.5731,-0.1176,-0.23429,0.86404,1.921,-1.0952,-0.90576,6.4367,0.23148,-0.75821,-1.9235,1.921,0.0085766,0
-1.5263,-0.054643,-1.2354,-1.4481,-0.38716,1.3157,-1.1581,-0.9534,0.90802,-0.77798,-0.54613,-0.044338,1.3157,1.3701,0
-1.5263,-0.054643,-1.2354,-1.4481,-0.33451,1.4835,-1.1878,-0.97565,0.96729,-0.56859,-0.76962,-0.85841,1.4835,1.3701,0
-0.9166,1.2661,0.013511,-0.26417,0.66893,2.4887,-1.5326,-1.0344,-0.62405,0.42949,-0.099824,-0.77742,2.4887,0.034218,0
-1.5263,0.21011,-1.0317,-1.4481,0.014143,1.6513,-1.2848,-1.0606,0.091563,-0.8762,-0.48367,0.54506,1.6513,1.3701,0
-0.61439,1.3929,-0.0233,-0.26813,1.097,1.8991,-1.2676,-1.0212,3.2186,-0.088422,0.10677,-0.10192,1.8991,0.037639,0
-0.77987,-0.83408,-0.69639,-0.84125,0.23493,-0.35937,-0.19609,-0.26396,1.2499,-0.47655,-1.0894,-0.87657,-0.35937,0.59678,0
-1.2235,0.73462,-0.82252,-1.1549,0.011285,0.22361,-1.0191,-0.89766,-0.10949,-0.55068,-0.93265,-0.53974,0.22361,0.96815,0
-0.60989,0.89736,-0.1894,-0.55932,0.93664,0.30849,-0.98677,-0.8992,4.1082,0.061265,0.14984,0.19031,0.30849,0.30484,0
0.31463,-0.31257,0.043855,0.041428,-0.24397,-0.36121,0.30435,0.071686,-0.93386,0.18668,-0.1001,-0.45612,-0.36121,-0.21449,0
-1.2173,1.4342,-0.29185,-0.85112,1.337,2.9977,-1.5635,-1.176,-0.56955,0.28781,-0.93674,-1.4254,2.9977,0.60768,0
0.94357,3.9297,1.8812,0.95015,3.1829,0.82132,-1.4902,-1.2791,1.3248,1.3341,2.1472,0.26825,0.82132,-0.81044,0
-1.2232,0.73501,-0.67536,-0.85829,0.49458,2.0684,-1.2099,-0.98142,-0.049417,-0.25876,-0.15811,0.017786,2.0684,0.61561,0
-0.62757,-0.7112,-0.57965,-0.57892,0.48764,-0.032638,-0.57358,-0.60119,0.9194,-0.93196,-0.83279,-0.20855,-0.032638,0.32401,0
-0.62757,-0.65847,-0.57965,-0.72655,0.47132,-0.032641,-0.56317,-0.58346,0.77393,-0.84168,-0.79155,-0.30152,-0.032641,0.47866,0
-0.62757,-0.76391,-0.59317,-0.72655,0.47808,-0.11618,-0.5292,-0.57574,0.96891,-0.97104,-1.0815,-0.36603,-0.11618,0.47866,0
-0.4141,2.0834,0.59817,0.048498,1.7907,3.3418,-1.6585,-1.1759,0.71141,0.48059,0.964,-0.11131,3.3418,-0.21991,0
-0.2915,2.0834,0.59817,0.048495,1.7611,3.3418,-1.6445,-1.1712,0.55698,0.49082,0.79223,-0.36642,3.3418,-0.21991,0
-0.60953,2.0627,0.63694,0.7754,1.2502,3.0355,-2.134,-1.3712,1.1857,0.60137,-0.10565,-1.0147,3.0355,-0.65524,0
-0.93802,1.7554,0.036822,-0.58615,1.3222,3.3022,-1.8568,-1.2907,0.46014,-0.061274,-0.46774,-0.7679,3.3022,0.33113,0
0.0053437,-0.31602,-0.0043298,0.037944,-0.38742,-0.36186,0.62913,0.47061,-0.68144,-0.10484,-0.15455,-0.6,-0.36186,-0.21182,0
-0.62917,2.0275,0.46519,-0.13796,1.1193,3.1405,-2.059,-1.382,0.23604,0.013335,1.6471,2.0744,3.1405,-0.068597,0
-0.71964,-0.83534,-0.60272,-0.54504,0.19387,-0.35963,-0.54849,-0.63874,1.1457,-1.2097,-1.1402,0.32734,-0.35963,0.29098,0
-0.59702,-0.83534,-0.59011,-0.54504,0.19561,-0.35963,-0.56561,-0.64183,1.3404,-1.1009,-1.1658,-0.015013,-0.35963,0.29098,0
-0.91508,1.7982,0.4519,1.8134,1.1359,3.1615,-2.1539,-1.3391,-1.3115,0.63332,1.4338,1.4409,3.1615,-1.2356,0
-0.91654,1.5309,0.040577,-0.5605,1.0679,3.3275,-1.9239,-1.3103,0.28989,-0.20227,-0.85116,-1.4195,3.3275,0.306,0
-0.60309,1.8091,0.6527,0.93303,1.5349,3.0001,-1.8313,-1.216,-0.086002,0.77156,1.0176,0.48331,3.0001,-0.80082,0
-0.65833,-0.83534,-0.59011,-0.54504,0.17866,-0.35963,-0.56126,-0.64574,1.3116,-1.3134,-1.0125,0.77493,-0.35963,0.29098,0
-0.31222,1.5202,1.1018,2.0962,0.082513,2.0643,-2.5631,-1.2821,-0.56984,0.3137,-0.13397,-0.62387,2.0643,-1.3533,0
-0.65833,-0.83534,-0.60272,-0.54504,0.21168,-0.35963,-0.56241,-0.65548,1.3694,-1.232,-1.1743,0.016443,-0.35963,0.29098,0
-0.59702,-0.83534,-0.59011,-0.54504,0.24565,-0.35963,-0.61393,-0.68228,1.3405,-1.1821,-1.1164,0.11674,-0.35963,0.29098,0
-1.7079,-1.9058,-1.9041,-1.7427,-1.6113,-0.36193,-0.024924,-0.020724,-1.2462,-1.2294,-1.6755,-0.21815,-0.36193,1.8404,0
-0.65226,1.4619,-0.18229,-0.60629,1.1162,2.2854,-1.3091,-1.122,-0.17633,0.19287,0.36901,0.0045651,2.2854,0.35105,0
-1.5601,-0.058187,-1.3164,-1.487,0.039706,1.2887,-1.2031,-1.0275,-0.72079,-1.168,-0.61398,1.3992,1.2887,1.4279,0
0.85922,0.41182,0.98065,0.85972,1.1033,-0.04077,-0.69265,-0.83773,-0.44765,1.0753,0.34942,-0.98191,-0.04077,-0.75901,0
0.98128,1.27,1.6689,1.5182,2.0745,0.309,-1.0682,-1.0232,0.30453,2.0942,1.3051,-0.85749,0.309,-1.1023,0
-0.91435,1.5348,0.61762,2.1113,1.3459,2.9945,-2.1161,-1.2525,-1.031,0.61404,0.82828,0.13505,2.9945,-1.3594,0
-0.91754,1.5026,-0.066916,-0.5617,0.96938,2.991,-1.825,-1.2839,-0.20621,-0.14818,0.27842,0.33867,2.991,0.30716,0
1.8073,1.0058,1.6864,1.8153,-0.14991,-0.36228,-0.84414,-0.94835,-0.77418,1.7722,0.075843,-0.96701,-0.36228,-1.2365,0
1.5348,0.74364,1.6062,1.5216,1.0264,-0.69771,-0.60397,-0.83927,0.73635,0.93911,1.035,0.53481,-0.69771,-1.1039,0
-0.91542,0.73875,-0.59427,-0.85566,0.33807,1.9865,-1.2339,-1.0045,-0.81222,-0.75298,-0.11556,0.66527,1.9865,0.6127,0
-1.2227,0.4713,-0.83139,-1.154,0.14498,1.985,-1.4931,-1.1536,-0.77869,-0.8196,-0.74884,0.43467,1.985,0.9671,1
0.61117,0.20748,0.35426,0.62496,-1.0323,-0.36296,0.44314,0.14926,-0.45747,0.42726,0.3095,-0.35378,-0.36296,-0.61817,0
0.61043,1.318,1.0637,0.62417,1.207,0.64323,-1.2207,-1.1068,-0.17179,-0.085331,0.87627,1.188,0.64323,-0.61768,1
-0.91734,1.2648,-0.10117,-0.56146,0.954,2.6558,-1.7547,-1.2489,0.26701,0.42996,0.78255,-0.35755,2.6558,0.30693,1
0.72407,0.7262,1.1891,0.91105,1.582,0.054039,-0.79735,-0.90638,0.090541,1.04,0.49316,-0.77456,0.054039,-0.78839,1
-0.61239,0.81419,-0.3567,-0.71025,0.99043,-0.027866,-0.9598,-0.89859,0.44258,0.54359,0.5288,-0.17393,-0.027866,0.46165,1
-0.91256,0.58438,-0.60088,-0.85247,0.16552,1.4012,-1.1455,-0.94205,0.89152,-0.39507,-1.0026,-0.99335,1.4012,0.60916,1
-0.6116,-1.1162,-0.84171,-0.85759,-0.40942,-0.36308,-0.1832,-0.28069,1.312,-0.72938,-0.98749,-0.14659,-0.36308,0.61484,1
-0.6086,-0.84824,-0.69051,-0.85447,-0.22954,-0.36237,-0.042338,-0.058497,-0.17436,-0.21829,-0.40482,-0.12672,-0.36237,0.61138,1
-1.2183,-1.3758,-1.3396,-1.149,-0.83315,-0.36188,0.2169,0.21851,-0.42411,-1.2795,-0.92873,0.86048,-0.36188,0.96075,1
1.2101,0.98811,1.5932,1.5005,1.8384,-0.030163,-0.91781,-1.0236,0.89738,1.355,0.62921,-0.76206,-0.030163,-1.094,1
-0.64081,0.87658,-0.40628,-0.5936,0.8398,0.25472,-0.99034,-0.90639,-0.064329,-0.10641,0.43591,1.016,0.25472,0.33848,1
1.2245,0.73907,1.548,1.2202,1.8056,-0.36259,-0.74232,-0.93544,1.2719,1.2921,1.4375,0.19692,-0.36259,-0.95553,0
-1.2224,-1.3805,-1.1064,-1.1537,-0.2703,-0.36301,-0.40189,-0.53555,-0.23575,-0.8828,-0.27507,0.94346,-0.36301,0.96666,0
-0.93881,0.43819,-0.82795,-1.1766,0.30919,-0.034946,-0.93408,-0.87415,-0.1864,-0.66695,-0.21495,0.58048,-0.034946,0.99599,0
-1.2235,0.57588,-0.73025,-1.1549,0.62068,0.64283,-1.1196,-1.0009,-0.28351,-0.3231,-0.47121,-0.070351,0.64283,0.96817,0
-1.2301,0.45899,-0.90945,-1.1624,-0.0017854,0.22071,-0.97445,-0.85105,-0.3356,-0.84718,-0.51449,0.31444,0.22071,0.97779,0
-1.2301,0.459,-0.89453,-1.1624,0.09355,0.3044,-1.0202,-0.87501,-0.56058,-0.80195,-0.38275,0.88339,0.3044,0.97779,0
-1.2301,0.459,-0.89453,-1.1624,0.02384,0.22072,-1.0091,-0.86588,-0.49168,-0.83918,-0.28615,0.43331,0.22072,0.97779,0
-1.5259,-1.9074,-1.7983,-1.7443,-1.3871,-0.36239,0.040559,0.076569,-0.66547,-1.4246,-1.9586,-0.82833,-0.36239,1.8432,0
-2.1377,-2.1727,-2.3918,-2.3378,-1.299,-0.36252,1.1671,1.6404,-1.1532,-1.382,-1.9505,-0.62441,-0.36252,3.0759,0
-2.139,-2.1742,-2.3919,-2.0428,-1.566,-0.36298,0.79227,1.1442,-0.89052,-1.8069,-1.8193,-0.017042,-0.36298,2.407,0
0.91916,0.20991,0.59433,0.62744,-0.49074,-0.36254,0.70334,0.49594,-0.75781,0.43886,0.36894,-0.012123,-0.36254,-0.61972,0
-2.136,-2.1705,-2.2827,-2.336,-1.2037,-0.3619,-0.034167,0.14026,-0.50511,-1.6301,-1.9922,-0.71828,-0.3619,3.0714,0
0.91916,0.20991,0.59433,0.62744,-0.45201,-0.36254,0.73276,0.48553,-0.59987,0.39187,-0.045733,-0.59437,-0.36254,-0.61972,0
0.61981,0.37566,0.52943,0.63428,-0.55146,-0.10936,0.4873,0.24369,-1.0619,0.48433,1.5401,0.94507,-0.10936,-0.62398,0
1.5391,0.74789,1.496,1.2292,1.2945,-0.36119,-0.49873,-0.78002,0.64183,1.2791,1.1284,-0.4893,-0.36119,-0.96019,0
-0.91495,-1.1137,-1.0351,-1.0034,-0.33657,-0.36252,0.22744,0.14595,-0.25719,-0.64182,-0.3083,-0.083573,-0.36252,0.78811,0
1.2326,1.0125,1.2924,1.2288,0.52876,-0.27724,-0.13895,-0.39458,-0.006214,0.90548,0.62316,-0.35528,-0.27724,-0.95996,0
0.91547,0.41787,0.7779,0.92002,0.22646,-0.36318,-0.19942,-0.47169,-0.7426,0.30642,1.4549,1.1392,-0.36318,-0.79347,0
0.61585,0.21244,0.59716,0.63002,0.28067,-0.3621,-0.054832,-0.35348,-0.90241,0.41339,1.5816,1.0442,-0.3621,-0.62132,0
-0.60925,-1.0078,-0.87247,-0.85514,-0.52608,-0.36252,0.18091,0.096671,-0.42865,-0.58296,-0.58606,0.10551,-0.36252,0.61212,0
-1.2205,-1.4313,-1.4041,-1.1515,-1.0784,-0.36249,0.49308,0.47862,-0.34834,-1.139,-1.196,0.040688,-0.36249,0.96392,0
-2.4449,-2.4393,-2.4486,-2.3396,-1.1545,-0.36312,0.74091,1.1431,-0.793,-1.6443,-1.7565,-0.1508,-0.36312,3.0804,0
0.31082,-0.051572,0.099413,0.33421,-1.0231,-0.69777,1.3431,1.4015,-0.12409,-0.31486,0.49757,0.66706,-0.69777,-0.42748,0
-2.1359,-2.1704,-2.3832,-2.3358,-1.2083,-0.36185,0.93608,1.3698,-1.0211,-1.3917,-2.1846,-1.379,-0.36185,3.071,0
1.2249,0.73939,1.2282,1.2205,0.71164,-0.36254,-0.12467,-0.38922,0.60192,2.449,1.6564,-1.6083,-0.36254,-0.9557,0
0.9351,0.49137,0.79133,0.94107,0.16765,-0.10736,-0.12702,-0.37121,-0.68322,0.1372,0.54745,0.10891,-0.10736,-0.80535,0
1.4653,0.73525,1.2527,1.5126,0.29225,-0.36319,-0.042623,-0.37457,-0.65709,0.81752,0.12563,-0.42915,-0.36319,-1.0997,0
0.62083,0.48279,0.56302,0.63537,-0.25834,-0.36119,0.47145,0.27312,-1.0344,0.40075,1.1613,0.52443,-0.36119,-0.62465,0
-0.61203,-1.1166,-0.95118,-0.85803,-0.72621,-0.36318,0.5034,0.46139,0.0091669,-0.68393,-0.65455,0.33593,-0.36318,0.61533,0
0.73227,0.47089,0.79173,0.62378,0.4399,-0.19546,-0.16781,-0.42111,-0.67371,0.34642,1.2095,0.9714,-0.19546,-0.61743,0
0.67683,0.47709,0.8831,0.77814,1.0456,-0.026375,-0.47899,-0.66303,-0.57285,0.010633,0.93235,0.82732,-0.026375,-0.70916,0
0.30491,-0.057893,0.16649,0.3278,-0.48387,-0.69852,0.41957,0.22474,-0.1327,-0.17865,-0.57146,0.039874,-0.69852,-0.42306,0
0.91983,0.21059,0.64837,0.62814,-0.1782,-0.36242,0.39302,0.13019,0.10536,0.16363,0.78296,1.1773,-0.36242,-0.62015,0
1.5099,0.71898,1.3564,1.3473,1.0582,-0.36578,-0.51474,-0.79405,-0.5966,0.96315,1.8677,1.1866,-0.36578,-1.0181,0
0.30768,0.20981,0.41924,0.33081,0.79687,-0.026938,-0.6698,-0.77039,0.31765,0.35343,0.74989,0.25438,-0.026938,-0.42514,0
0.79754,0.21059,0.63949,0.62814,-0.19292,-0.36242,0.34702,0.1056,-0.17046,0.53422,1.3023,1.0058,-0.36242,-0.62015,0
1.2451,0.91983,1.5593,1.2421,1.8912,-0.35919,-0.83501,-0.98133,1.2467,0.66468,0.24371,0.53222,-0.35919,-0.96681,0
1.2218,0.73621,1.2879,1.2172,0.63535,-0.36304,-0.30677,-0.56159,-0.04254,-0.29925,1.3648,2.5697,-0.36304,-0.95402,0
-2.1381,-2.1996,-2.4208,-2.3382,-1.1423,-0.36264,0.82592,1.2716,-1.2837,-1.4539,-1.9041,-0.48378,-0.36264,3.0768,0
1.4712,0.74119,1.3082,1.2224,0.71703,-0.53011,-0.2576,-0.5658,0.59231,7.2528,-0.27592,-3.2437,-0.53011,-0.95665,0
0.91993,0.44898,0.71025,0.62823,0.59642,-0.3624,-0.088869,-0.35284,-0.52807,0.64295,0.60315,-0.80441,-0.3624,-0.62021,0
1.2206,0.73493,1.0526,1.2159,-0.17408,-0.36325,0.4112,0.12376,0.36342,1.4889,-0.17048,-1.6802,-0.36325,-0.95334,0
1.2863,0.7397,1.3065,1.2208,0.64079,-0.36249,-0.66825,-0.90337,0.34529,3.3086,0.51809,-1.6984,-0.36249,-0.95587,0
1.5268,0.73567,1.1109,1.2167,-0.19847,-0.36313,0.3809,0.0098576,0.83886,0.16333,1.8301,1.3475,-0.36313,-0.95374,0
1.2209,0.73525,1.4059,1.2163,1.1285,-0.36319,-0.50159,-0.75316,0.60814,0.76103,1.0436,0.32466,-0.36319,-0.95351,0
0.30421,-0.05863,0.22066,0.32705,-0.34134,-0.36323,0.66588,0.50481,0.056705,-0.01724,-1.8092,-2.1392,-0.36323,-0.42254,0
-1.5262,-1.9078,-1.9127,-1.7446,-1.867,-0.36248,0.37968,0.46758,-1.0086,-1.5428,-0.97689,1.4188,-0.36248,1.8437,0
-0.91468,-0.84864,-0.5362,-0.55829,0.75312,-0.11071,-0.81387,-0.81759,1.383,-0.088739,0.049938,0.23967,-0.11071,0.30385,0
-2.1374,-2.1722,-2.1754,-2.0409,-0.65107,-0.36239,0.17006,0.28266,-0.09416,-1.1553,-1.6136,-0.97406,-0.36239,2.4031,0
0.0031272,-0.58322,-0.52523,0.035532,-1.9507,-0.69801,1.456,1.6916,2.0697,-1.2151,1.4713,5.32,-0.69801,-0.20996,0
0.003126,-0.58322,-0.52523,0.035532,-1.9673,-0.69801,1.4871,1.7401,1.3746,-1.2098,0.7344,3.8306,-0.69801,-0.20996,0
0.27323,-0.35475,-0.14509,0.29346,-1.1923,-0.36923,1.6091,1.7718,-1.0119,-0.53527,0.54144,1.9846,-0.36923,-0.39917,0
0.28477,-0.60656,-0.34494,0.01076,-1.9335,-0.70114,2.7973,3.5281,-1.7816,3.6279,0.33146,-2.1666,-0.70114,-0.19083,0
0.30542,-0.58657,-0.26085,0.031975,-1.275,-0.69847,1.7312,1.8694,-0.048782,-0.13427,-0.74602,-1.2566,-0.69847,-0.20723,0
0.31201,-0.58019,-0.2072,0.038742,-1.2102,-0.69761,1.887,2.0387,-1.3308,0.073885,-0.61097,-1.0314,-0.69761,-0.21243,0
0.00093109,-0.58548,-0.38567,-0.26333,-0.92691,-1.0339,1.7758,1.8438,4.0348,-0.66077,-0.62425,0.15392,-1.0339,0.033495,0
0.61549,-0.052784,0.14311,0.33298,-0.65293,-0.36217,0.93295,0.7962,-0.27802,0.56269,-0.096068,-1.0163,-0.36217,-0.42664,0
0.00093109,-0.58548,-0.39699,-0.26333,-0.93452,-1.0339,1.7886,1.8612,3.8696,-0.59124,-0.68413,-0.15627,-1.0339,0.033495,0
1.5199,0.7289,1.4023,1.5058,0.58795,-0.3642,-0.16014,-0.47718,0.28013,1.9792,0.54358,-1.1234,-0.3642,-1.0965,0
1.5199,0.7289,1.4023,1.5058,0.60107,-0.3642,-0.1582,-0.47953,0.34988,1.9215,0.53389,-1.1646,-0.3642,-1.0965,0
-0.91225,-1.1107,-1.1102,-0.85213,-0.72147,-0.36184,0.54614,0.51449,-0.53972,-0.75173,-0.93899,-0.62767,-0.36184,0.60879,0
-0.91019,-1.3734,-1.2027,-1.1467,-0.8447,-0.36132,1.0636,1.1418,0.31403,-1.0808,-1.5536,-0.37906,-0.36132,0.95778,0
-2.1372,-2.4368,-2.4981,-2.3372,-1.538,-0.36232,0.99294,1.3762,-1.0755,-1.7701,-1.7975,0.46239,-0.36232,3.0745,0
0.61374,0.36905,0.61957,0.62774,-0.30643,-0.27858,-0.014061,-0.28062,-0.70219,0.1374,1.2617,1.1749,-0.27858,-0.6199,0
-1.2234,-1.3816,-1.4137,-1.1548,-1.2527,-0.61481,0.56097,0.59778,-0.74003,-1.1472,-0.97152,0.42316,-0.61481,0.96807,0
-1.223,-1.6457,-1.4671,-1.1543,-1.3637,-0.57279,0.84331,0.93561,-0.60745,-1.1849,-1.4858,-0.48697,-0.57279,0.96745,0
-1.2181,-1.6404,-1.6288,-1.4455,-2.0119,-0.69768,1.5415,1.8428,-0.90169,-1.138,-1.4104,0.082815,-0.69768,1.3662,0
-0.91495,-1.3784,-1.1593,-1.1517,-0.59103,-0.36252,-0.16115,-0.22534,-0.41885,-0.39536,-1.0873,-0.81327,-0.36252,0.9641,0
-1.2181,-1.6404,-1.635,-1.4455,-2.0185,-0.86561,1.6383,1.9662,-1.0248,-1.0153,-1.4293,-0.38814,-0.86561,1.3662,0
-1.5253,-1.6419,-1.82,-1.447,-2.2211,-0.614,0.87251,1.0647,-1.3832,-1.4337,-1.9228,-1.157,-0.614,1.3684,0
0.43031,-0.3193,0.10028,0.33119,-0.54363,-0.69813,0.66336,0.41386,0.1503,0.11395,0.18308,-0.46721,-0.69813,-0.4254,0
0.3056,-0.32177,-0.038897,0.32856,-1.5996,-0.69843,0.98749,0.8694,-0.30439,-1.0822,-0.40324,1.3899,-0.69843,-0.42358,0
0.3056,-0.32177,-0.038897,0.32856,-1.5806,-0.69844,0.95341,0.8276,-0.36766,-1.0643,-0.37963,1.4345,-0.69844,-0.42358,0
0.30785,-0.26653,0.071517,0.331,-0.66463,-0.36253,0.54164,0.34353,-0.28914,0.075398,-1.0846,-1.7828,-0.36253,-0.42526,0
-0.91767,-1.1168,-1.0251,-0.85818,-0.9395,-0.69861,0.67344,0.73381,-0.1753,-1.1001,0.039327,2.0704,-0.69861,0.6155,0
-0.90503,-1.1025,-1.0129,-0.84405,-0.49077,-0.36,0.25339,0.19033,0.70447,-0.65179,-0.41898,0.56702,-0.36,0.59986,0
0.6211,0.4831,0.75013,0.78414,0.13208,-0.025054,-0.043377,-0.29197,-0.16797,0.79856,0.62995,0.051896,-0.025054,-0.71271,0
-0.9043,-1.3671,-1.2372,-1.1406,-1.2797,-0.35983,1.0558,1.1366,-0.019016,-0.89484,-0.98215,-0.24319,-0.35983,0.94999,0
0.61043,0.021488,0.44395,0.32781,0.46097,-0.36309,-0.38173,-0.58099,-0.28191,0.73642,-0.1551,-1.1414,-0.36309,-0.42306,0
-0.9043,-1.3671,-1.2423,-1.1406,-1.3213,-0.35983,1.115,1.2149,-0.18502,-0.92353,-0.94005,0.025821,-0.35983,0.94999,0
-0.30347,-1.0077,-0.72024,-0.55852,-1.5097,-0.69814,0.7684,0.63024,8.3782,-0.74557,-0.97774,-0.67987,-0.69814,0.30407,0
-0.61832,-1.1233,-0.98471,-0.56867,-1.5695,-0.36466,1.5865,1.9187,1.7906,-1.413,-0.74092,1.5065,-0.36466,0.31397,0
0.30378,-0.58816,-0.30351,0.030278,-1.0377,-0.69868,1.7426,1.9364,-0.57227,-0.2204,-0.1639,-0.72668,-0.69868,-0.20592,0
0.30725,-0.58481,-0.2937,0.033843,-2.2422,-0.69823,2.7352,3.4116,-0.97237,-0.15947,-1.7671,-1.9823,-0.69823,-0.20866,0
0.30733,-0.32001,-0.12607,0.033932,-0.48706,-0.69822,0.65273,0.50022,-1.1381,0.32082,0.63786,1.1969,-0.69822,-0.20873,0
0.12393,-0.32001,-0.12607,0.033932,-0.56151,-0.69822,0.70705,0.5629,-1.1786,0.028612,0.43555,1.2287,-0.69822,-0.20873,0
-0.054821,-0.61155,-0.46724,-0.28945,-1.045,-0.7018,0.88887,0.87022,1.0123,-0.42858,-0.54351,0.16598,-0.7018,0.056149,0
0.31098,-0.051393,0.083277,0.33439,-0.20171,-0.36192,0.70803,0.48165,-0.078161,-0.17562,-0.47714,-0.49553,-0.36192,-0.42761,0
-2.1394,-2.4394,-2.3949,-2.3397,-1.2929,-0.36315,1.0774,1.4653,-0.77337,-1.5728,-1.5077,0.42982,-0.36315,3.0805,0
-0.6017,0.11419,-0.48419,-0.55024,-0.51645,0.3117,-0.96068,-0.86114,0.80225,-0.25931,-0.97723,-0.91771,0.3117,0.29602,0
1.2132,0.72729,1.5205,1.2081,2.2188,-0.36446,-0.90575,-1.0521,0.23858,2.6014,1.6936,-0.043029,-0.36446,-0.94929,0
1.2132,0.72729,1.5205,1.2081,2.013,-0.36446,-0.89498,-1.0313,0.076051,3.1247,2.8813,-0.76694,-0.36446,-0.94929,0
0.59471,0.45389,0.62236,0.60722,0.34617,-0.36597,-0.1058,-0.35139,-0.52414,0.42761,0.33595,0.063161,-0.36597,-0.60708,0
0.28693,-0.60447,-0.35013,0.012982,-1.3933,-0.70086,2.1405,2.4734,1.0062,-0.70838,-0.48016,-0.0038398,-0.70086,-0.19255,0
0.28693,-0.60447,-0.35013,0.012982,-1.3734,-0.70086,2.09,2.3971,1.0204,-0.46185,-0.55648,-0.17843,-0.70086,-0.19255,0
0.58211,0.36099,0.67168,0.59365,0.91843,-0.11799,-0.38447,-0.61163,-1.1719,0.61793,0.61792,-0.3238,-0.11799,-0.59854,0
0.30837,-0.31895,-0.10505,0.035001,-0.78,-0.69808,1.1549,1.1037,0.12902,-0.22129,0.27657,-0.44329,-0.69808,-0.20956,0
0.31802,-0.57437,-0.16188,0.044918,-1.1207,-0.69684,1.2117,1.1728,-0.73428,-0.55328,0.21207,0.57808,-0.69684,-0.21717,0
0.0023241,-0.3193,-0.22705,0.034645,-1.3818,-0.69813,1.6569,1.7994,-0.385,-0.027938,-0.33292,-0.56795,-0.69813,-0.20928,0
-0.60968,-0.84944,-0.85926,-0.55909,-0.84041,-0.36262,0.58824,0.6633,0.30012,-0.61022,-0.1333,1.3115,-0.36262,0.30462,0
0.61374,-0.054549,0.37529,0.3312,-0.11063,-0.36249,0.30394,0.094381,-0.29329,0.32564,-0.1488,-0.81814,-0.36249,-0.4254,0
0.30767,-0.31966,-0.14585,0.034288,-1.1799,-0.61427,0.95824,0.87144,0.76677,-0.73389,-1.4817,-1.0627,-0.61427,-0.20901,0
0.031305,-0.34119,-0.19416,0.066276,-0.968,-0.69415,1.1172,1.0262,0.12257,-0.57561,-0.70497,-0.91095,-0.69415,-0.23347,0
0.60932,0.47006,0.83351,0.62298,1.4682,-0.02793,-0.56951,-0.79962,-0.071361,0.62253,0.76236,-0.14334,-0.02793,-0.61693,0
0.60932,0.47006,0.79082,0.62298,1.1864,-0.027928,-0.44343,-0.672,-0.20689,0.37037,1.0885,0.43453,-0.027928,-0.61693,0
0.60932,0.47006,0.79082,0.62298,1.2564,-0.027928,-0.47086,-0.72066,-0.0021238,1.0255,1.4287,0.16351,-0.027928,-0.61693,0
0.60932,0.47006,0.79082,0.62298,1.3831,-0.02793,-0.45133,-0.7098,0.20042,0.4506,1.0114,0.61318,-0.02793,-0.61693,0
-0.019816,-0.60681,-0.24569,0.01049,-1.2799,-0.70116,1.0371,0.95659,-0.34029,-0.7295,-0.73458,0.33501,-0.70116,-0.19062,0
0.3211,-0.57139,-0.21276,0.048076,-0.87145,-0.69644,1.0832,0.88612,0.16479,-0.60405,-0.57415,0.52081,-0.69644,-0.21959,0
-0.63785,-0.88081,-0.87884,-0.59031,-1.1518,-0.36925,0.80997,0.9148,0.4566,-0.76625,-1.2282,-0.87326,-0.36925,0.33523,0
0.2975,-0.33002,-0.13303,0.023836,-0.59409,-0.69949,0.79547,0.64013,-0.092756,0.48573,0.12691,0.13811,-0.69949,-0.20095,0
0.60335,-0.06504,0.18344,0.32056,-0.80561,-0.69939,0.89841,0.74345,-1.0053,-0.26082,-0.32348,-0.27877,-0.69939,-0.41804,0
0.2975,-0.33002,-0.13726,0.023836,-0.58447,-0.69949,0.77969,0.64003,0.11478,0.12723,0.11125,0.36863,-0.69949,-0.20095,0
0.36132,-0.53246,-0.03391,0.08939,-0.25228,-0.69124,0.7102,0.4928,0.22908,0.61305,0.38257,-0.62252,-0.69124,-0.25097,0
-0.01416,-0.33714,-0.065587,-0.13111,0.16765,-0.36589,0.076049,-0.16514,1.4835,-0.20558,0.16205,1.209,-0.36589,-0.074224,0
0.0084895,-0.84279,-0.59516,-0.25554,-1.5541,-0.69728,1.6068,1.7439,1.1441,-0.31895,-0.40557,-1.2514,-0.69728,0.026783,0
-0.6344,-0.87697,-0.83384,-0.58649,-0.8938,-0.36844,0.62972,0.71233,1.0489,-0.68096,-0.77817,0.23414,-0.36844,0.33146,0
0.0052672,-0.58102,-0.24687,-0.25886,-0.67369,-0.5298,0.7238,0.5713,0.5433,-0.44421,-0.85622,-1.3481,-0.5298,0.029641,0
1.2162,0.46598,1.0049,1.2112,-0.31447,-0.69911,0.33815,-0.074416,-0.33709,0.55428,0.89346,-0.17644,-0.69911,-0.95091,0
-0.30699,-0.588,-0.34696,-0.26585,-0.34446,-0.36328,0.010022,-0.19982,2.3288,-0.78426,0.017054,0.72695,-0.36328,0.035672,0
-0.30699,-0.588,-0.34696,-0.26585,-0.35155,-0.36328,-0.014151,-0.23154,2.4189,-1.1181,0.071383,1.6776,-0.36328,0.035672,0
0.30386,-0.58808,-0.19679,0.030373,-1.077,-0.69867,1.5128,1.487,-0.85353,0.23489,-0.12519,-0.46866,-0.69867,-0.20599,0
-1.5244,-1.376,-1.6008,-1.7427,-0.60586,-0.36195,-0.85785,-0.81437,-0.96714,-1.2691,-1.399,0.37332,-0.36195,1.8405,0
0.30812,-0.31921,0.0065404,0.03474,-0.48634,-0.36248,0.90863,0.79769,-0.83893,0.553,-0.53707,-1.7694,-0.36248,-0.20935,0
0.21476,-0.61551,-0.33779,0.0012615,-1.2631,-0.70233,2.1183,2.4321,-0.84779,-0.95634,-1.2463,-0.67175,-0.70233,-0.18344,0
0.90387,0.19459,0.71892,0.90758,0.017199,-0.36519,0.26592,-0.0027481,-0.49913,0.2119,0.1766,-0.5612,-0.36519,-0.78642,0
-0.7926,-1.1136,-0.91198,-0.85507,-0.73664,-0.36251,0.63108,0.63502,0.10663,-0.71866,-0.10179,0.34406,-0.36251,0.61204,0
-0.62637,-0.55161,-0.50016,-0.42991,-0.019719,-0.032265,-0.38641,-0.38666,-0.41421,-0.61429,-0.3888,-0.081292,-0.032265,0.18628,0
-1.5359,-1.9184,-1.8536,-1.7548,-1.5212,-0.53272,-0.25199,-0.23127,-0.96131,-1.5322,-1.8723,-0.46742,-0.53272,1.8616,0
-0.62392,-0.94445,-0.82862,-0.87039,-0.29788,-0.36597,0.25482,0.16434,-1.1401,-0.6346,-0.71657,-0.29171,-0.36597,0.62908,0
0.30386,-0.58808,-0.22774,0.030367,-1.4797,-0.69868,2.0161,2.238,-0.6025,0.1447,-0.46639,-0.20482,-0.69868,-0.20599,0
0.30777,-0.31957,-0.11764,0.034377,-0.87088,-0.61426,1.4602,1.474,-0.36413,-0.47686,1.6818,1.8531,-0.61426,-0.20908,0
0.30777,-0.31957,-0.11764,0.034377,-0.91302,-0.61426,1.5779,1.6591,-0.27593,-0.51402,1.6021,2.145,-0.61426,-0.20908,0
0.31082,-0.051571,0.43822,0.33421,0.73322,-0.026131,-0.63837,-0.78511,-0.53364,-0.11923,0.89499,1.1933,-0.026131,-0.42748,0
0.30777,-0.31957,-0.11764,0.034377,-0.89011,-0.61426,1.4898,1.5406,-0.39238,-0.42663,1.8175,1.921,-0.61426,-0.20908,0
0.30777,-0.31957,-0.11764,0.034377,-0.89854,-0.69817,1.5221,1.5658,-0.37507,-0.46165,1.7009,1.7737,-0.69817,-0.20908,0
0.30777,-0.31957,-0.11764,0.034377,-0.86729,-0.61426,1.4695,1.4898,-0.50822,-0.30699,1.7245,1.0986,-0.61426,-0.20908,0
0.30777,-0.31957,-0.11764,0.034377,-0.8877,-0.61426,1.5227,1.5547,-0.32978,-0.42183,1.805,1.9011,-0.61426,-0.20908,0
-0.023004,-0.34671,-0.076178,0.0070151,-0.39498,-0.3677,0.42711,0.27875,0.75726,-0.79008,0.17867,1.9656,-0.3677,-0.18792,0
0.27667,0.12243,0.33656,0.29719,0.41158,-0.36856,-0.5655,-0.72203,-0.45479,0.76528,-0.36745,-1.1493,-0.36856,-0.40178,0
0.28996,-0.33771,-0.21238,0.016092,-1.3986,-0.70046,1.4203,1.449,-0.046382,-0.72346,-1.855,-1.5693,-0.70046,-0.19496,0
0.3148,-0.047304,0.14907,0.041606,-0.20205,-0.36118,-0.040707,-0.23767,-0.85145,-0.75439,0.21704,1.2975,-0.36118,-0.21463,0
0.3148,-0.047304,0.14907,0.041606,-0.13004,-0.36118,-0.028684,-0.24022,-0.78819,-0.60144,-0.38161,0.59731,-0.36118,-0.21463,0
0.3148,-0.047304,0.14907,0.041606,-0.12948,-0.36118,-0.037377,-0.24319,-0.86064,-0.7179,-0.31973,0.77844,-0.36118,-0.21463,0
1.5275,0.92165,1.3665,1.2175,0.70799,-0.36301,-0.36423,-0.65465,0.23589,0.93997,1.7709,0.86005,-0.36301,-0.95413,0
0.60997,-0.058356,0.30726,0.32734,-0.16143,-0.69858,0.13211,-0.16996,-0.54719,0.19684,-1.4636,-2.4473,-0.69858,-0.42273,0
0.3148,-0.047303,0.14907,0.041606,-0.2669,-0.36118,-0.047751,-0.22587,-0.72939,-0.69607,0.28022,1.4531,-0.36118,-0.21463,0
0.27295,-0.092072,-0.00036236,0.29317,-0.42567,-0.36928,0.78731,0.67282,0.047162,-0.13433,0.43068,0.76883,-0.36928,-0.39897,0
0.27667,0.17506,0.33656,0.29719,0.4153,-0.36856,-0.5844,-0.74227,-0.81615,0.78262,-0.15751,-0.73287,-0.36856,-0.40178,0
0.27667,0.17506,0.33656,0.29719,0.41854,-0.36856,-0.60446,-0.72997,-0.74084,0.82759,-0.10712,-1.1048,-0.36856,-0.40178,0
0.27667,0.17506,0.33656,0.29719,0.44975,-0.36856,-0.60858,-0.76906,-0.66757,0.69876,-0.20834,-0.78694,-0.36856,-0.40178,0
0.27667,0.17506,0.33656,0.29719,0.45335,-0.36856,-0.62742,-0.7628,-0.75589,0.73464,-0.17817,-1.2114,-0.36856,-0.40178,0
0.27667,0.17506,0.33656,0.29719,0.34353,-0.36856,-0.56891,-0.72218,-0.73307,0.81925,-0.48142,-1.2847,-0.36856,-0.40178,0
-1.2234,-1.3816,-1.2531,-1.1547,-0.93085,-0.36326,0.10827,0.075337,-0.49661,-0.88474,-1.2654,-0.82876,-0.36326,0.96799,0
0.28358,-0.080706,0.27562,0.30468,0.16117,-0.53425,-0.15487,-0.36108,-0.50907,1.0012,-0.25921,-0.59857,-0.53425,-0.40701,0
0.28358,-0.080706,0.2631,0.30468,0.11527,-0.53426,-0.13834,-0.35205,-0.69269,0.78667,0.081961,-0.58314,-0.53426,-0.40701,0
-2.1376,-2.1725,-2.3637,-2.3376,-1.1223,-0.36245,0.86304,1.2298,-0.61001,-1.7017,-1.6855,0.35182,-0.36245,3.0754,0
0.28358,-0.080705,0.28226,0.30468,0.16958,-0.61776,-0.1632,-0.3594,-0.42633,0.95648,0.070029,-0.34093,-0.61776,-0.40701,0
0.28358,-0.080706,0.2631,0.15711,0.088205,-0.61777,-0.14357,-0.3341,-0.48987,0.83152,0.022534,-0.57991,-0.61777,-0.29844,0
0.28358,-0.080706,0.27562,0.30468,0.085515,-0.61777,-0.14483,-0.34012,-0.67196,0.79317,0.17216,-0.30722,-0.61777,-0.40701,0
0.28358,-0.080706,0.28226,0.30468,0.15555,-0.61777,-0.13282,-0.33918,-0.54565,1.323,-0.20618,-1.6234,-0.61777,-0.40701,0
0.30054,-0.32692,-0.17725,0.026964,-1.5377,-0.36394,2.337,2.8835,-0.42541,-0.18379,-1.157,-1.1828,-0.36394,-0.20336,0
0.2972,-0.33033,-0.093732,0.023523,-0.4382,-0.36459,0.81371,0.73232,0.67468,-0.1178,0.65298,1.7075,-0.36459,-0.20071,0
0.2972,-0.33033,-0.093732,0.023523,-0.43983,-0.36459,0.79322,0.69392,0.64867,-0.10608,1.1744,1.8384,-0.36459,-0.20071,0
0.2972,-0.33033,-0.093732,0.023523,-0.33772,-0.36459,0.73674,0.61207,0.82101,-0.22607,0.76521,1.2893,-0.36459,-0.20071,0
-0.0039741,-0.32611,-0.085125,0.027778,-0.22542,-0.36379,0.37215,0.17632,1.4323,0.29188,-0.14582,-0.62923,-0.36379,-0.20399,0
-0.0039741,-0.32611,-0.073223,0.027778,-0.20677,-0.36379,0.3414,0.12517,1.2271,0.68639,-0.50489,-0.75019,-0.36379,-0.20399,0
0.30811,-0.31922,-0.081502,0.034734,-0.80808,-0.5303,1.2083,1.1881,-1.056,-0.032804,0.81979,1.0325,-0.5303,-0.20935,0
-1.5348,-1.9173,-1.8579,-1.7537,-1.3441,-0.69984,-0.035395,-0.017042,-1.3825,-1.1016,-1.7925,-1.0096,-0.69984,1.8596,0
-0.61267,-0.85278,-0.75555,-0.56241,-0.60636,-0.27949,0.25946,0.19819,0.11503,-1.2092,-1.1151,0.072825,-0.27949,0.30785,0
-0.61267,-0.85278,-0.73806,-0.56241,-0.58104,-0.36332,0.21602,0.15728,-0.094934,-1.3276,-1.1459,0.02089,-0.36332,0.30785,0
-0.61267,-0.85278,-0.75254,-0.56241,-0.59454,-0.11181,0.25959,0.21518,-0.14301,-1.126,-1.2244,-0.11988,-0.11181,0.30785,0
-0.61267,-0.85278,-0.75405,-0.56241,-0.65463,-0.19565,0.25118,0.20084,-0.061874,-1.3584,-1.1697,0.067023,-0.19565,0.30785,0
-0.61267,-0.85278,-0.75555,-0.56241,-0.61327,-0.19565,0.31819,0.26972,-0.0028461,-1.3184,-1.0766,0.23842,-0.19565,0.30785,0
0.28508,-0.34268,-0.11235,0.30631,-1.3124,-0.36694,1.5957,1.7552,-1.2163,-0.13932,-0.68547,-0.86664,-0.36694,-0.40814,0
0.31065,-0.05175,0.23245,0.33403,-0.42375,-0.69779,0.48423,0.37258,-0.65437,0.96409,0.53991,0.02266,-0.69779,-0.42736,0
0.28633,-0.3414,0.0034816,0.30767,-0.43158,-0.36669,0.74869,0.55196,-0.54741,-1.1374,-0.22995,1.552,-0.36669,-0.40909,0
0.28633,-0.3414,0.058953,0.30767,-0.38841,-0.36669,0.73821,0.51352,-0.5514,-1.0046,-0.29492,0.89895,-0.36669,-0.40909,0
0.30524,-0.32213,-0.092656,0.031791,-0.95208,-0.36302,1.4974,1.605,0.2479,-0.28438,-0.70397,-1.4799,-0.36302,-0.20708,0
0.29713,-0.3304,-0.058126,0.023458,-0.22101,-0.69953,0.71988,0.49339,-0.057714,-0.25825,-0.64817,-0.3771,-0.69953,-0.20066,0
0.29713,-0.3304,-0.085875,0.023458,-0.26509,-0.69953,0.73239,0.54351,-0.23249,-0.32558,-0.76139,-0.75751,-0.69953,-0.20066,0
0.29713,-0.3304,-0.11759,0.023458,-0.31295,-0.69953,0.80654,0.63179,-0.27631,-0.26945,-0.68435,-0.64042,-0.69953,-0.20066,0
0.29713,-0.3304,-0.085875,0.023458,-0.25196,-0.69953,0.74803,0.56693,-0.1057,-0.26508,-0.6033,-0.49952,-0.69953,-0.20066,0
0.29713,-0.3304,-0.11759,0.023458,-0.25827,-0.69953,0.76676,0.57087,-0.1562,-0.25091,-0.68027,-0.69266,-0.69953,-0.20066,0
0.29713,-0.3304,-0.058126,0.023458,-0.22931,-0.69953,0.69612,0.50862,-0.26982,-0.25396,-0.6443,-0.63785,-0.69953,-0.20066,0
0.29713,-0.3304,-0.11759,0.023458,-0.34705,-0.69953,0.84644,0.66931,-0.32565,-0.17482,-0.79734,-0.87346,-0.69953,-0.20066,0
0.29713,-0.3304,-0.079929,0.023458,-0.27473,-0.69953,0.76585,0.5707,-0.29892,-0.26575,-0.45216,-0.49627,-0.69953,-0.20066,0
0.29713,-0.3304,-0.11759,0.023458,-0.2596,-0.69953,0.76394,0.57684,-0.25362,-0.32457,-0.66435,-0.68827,-0.69953,-0.20066,0
0.29713,-0.3304,-0.085875,0.023458,-0.24353,-0.69953,0.75832,0.5643,-0.22581,-0.26963,-0.5448,-0.49752,-0.69953,-0.20066,0
0.30803,-0.3193,-0.012002,0.034643,-0.15224,-0.36249,0.22898,0.042176,-0.13115,-0.4585,0.56699,1.302,-0.36249,-0.20928,0
1.2229,0.73737,1.4335,1.2184,1.3227,-0.44674,-0.55016,-0.80568,0.8594,1.5912,1.834,0.18761,-0.44674,-0.95463,0
0.2936,-0.334,-0.10569,0.31555,-1.0746,-0.7,1.4572,1.406,-0.40423,-0.33333,-0.70133,-0.61295,-0.7,-0.41457,0
0.60997,-0.32293,-0.048216,0.32733,-1.3356,-0.86629,1.8748,1.9442,-1.5689,0.25994,0.8096,-0.024432,-0.86629,-0.42273,0
0.61631,-0.5817,-0.12708,0.18549,-1.5867,-1.0336,2.088,2.3003,-1.3683,-0.45503,-2.1871,-2.6522,-1.0336,-0.31921,0
0.28026,-0.34759,-0.039484,0.15361,-0.8215,-0.36787,1.0416,0.98531,-0.073341,-0.14295,0.084914,-0.24928,-0.36787,-0.29587,0
0.28026,-0.34759,-0.019464,0.15361,-0.78247,-0.36787,0.97922,0.92197,0.038599,-0.21167,0.0048539,-0.24691,-0.36787,-0.29587,0
0.31916,-0.042637,0.35892,0.34326,0.31652,-0.36033,0.0040675,-0.21762,1.3016,-0.1457,1.1442,1.6952,-0.36033,-0.43371,1
0.31916,-0.042637,0.35892,0.34326,0.49828,-0.36033,-0.047282,-0.2749,1.3143,-0.26662,1.2896,1.9172,-0.36033,-0.43371,1
0.31916,-0.042637,0.35892,0.34326,0.37858,-0.36033,-0.059046,-0.25562,1.0065,-0.1262,0.93166,1.4631,-0.36033,-0.43371,1
0.31916,-0.042637,0.35892,0.34326,0.3795,-0.36033,-0.036899,-0.25613,1.3125,-0.28762,1.1387,1.5807,-0.36033,-0.43371,1
-0.0011082,-0.32301,-0.16518,0.0309,-0.38853,-0.36319,0.84398,0.70392,-0.42509,-0.49621,-0.95331,-0.72976,-0.36319,-0.2064,0
0.31916,-0.042638,0.35892,0.34326,0.36656,-0.36033,-0.024148,-0.25453,1.366,-0.077969,1.1121,1.3835,-0.36033,-0.43371,1
0.31916,-0.042637,0.35892,0.34326,0.45308,-0.36033,-0.073022,-0.28638,1.4497,-0.28891,1.1011,1.7651,-0.36033,-0.43371,1
0.31916,-0.042638,0.35892,0.34326,0.32055,-0.36033,-0.00079423,-0.21746,1.6943,-0.20643,1.2305,1.8152,-0.36033,-0.43371,1
0.31916,-0.042637,0.35892,0.34326,0.42777,-0.36033,-0.0571,-0.26926,1.5045,-0.13929,1.2232,1.6247,-0.36033,-0.43371,1
0.31916,-0.042638,0.35892,0.34326,0.56059,-0.36033,-0.17685,-0.37967,1.3417,-0.29986,1.3845,1.9021,-0.36033,-0.43371,1
0.31916,-0.042637,0.35892,0.34326,0.38298,-0.36033,-0.050774,-0.25881,1.1845,-0.32021,1.2017,1.7953,-0.36033,-0.43371,1
0.31916,-0.042638,0.35892,0.34326,0.4055,-0.36033,-0.059094,-0.27861,0.96742,-0.18364,1.2166,1.5769,-0.36033,-0.43371,1
0.29917,-0.59262,-0.19051,0.025549,-1.289,-0.78304,2.1513,2.4752,-1.3513,0.698,-1.7669,-2.3491,-0.78304,-0.20227,1
1.4548,0.72482,1.3797,1.5014,1.1194,-0.44856,-0.46984,-0.73348,-0.11826,1.6409,1.4934,-0.44298,-0.44856,-1.0944,1
0.31334,-0.048865,0.33489,0.11432,1.0415,-0.27746,-0.5889,-0.73385,0.50421,0.57524,-0.13043,-0.93055,-0.27746,-0.26745,1
-1.5263,-1.5372,-1.6757,-1.7447,-1.3743,-0.3625,-0.51131,-0.44042,-0.68021,-0.98315,-1.5259,-0.42141,-0.3625,1.8439,0
-0.91075,-1.1089,-0.73557,-0.85044,0.25788,-0.36146,-0.2575,-0.33692,-0.90942,-0.90521,0.50617,2.4074,-0.36146,0.60692,1
-0.91075,-1.109,-0.77459,-0.85044,0.25192,-0.36146,-0.20355,-0.29959,-0.81615,-0.83292,0.65031,2.2945,-0.36146,0.60693,1
1.2106,0.72453,1.0842,1.2052,0.055887,-0.49045,0.32813,-0.057274,-0.01515,0.37371,-0.41254,-0.89253,-0.49045,-0.94782,1
1.2106,0.72453,1.1192,1.2052,0.21664,-0.3649,0.13117,-0.191,-0.14642,0.93152,0.42015,-0.9741,-0.3649,-0.94782,1
1.2106,0.72453,1.1482,1.2052,0.39862,-0.3649,0.0032703,-0.36109,0.085823,0.92303,0.0096065,-1.6767,-0.3649,-0.94782,0
-0.60523,1.5404,-0.11212,-0.55416,1.4821,0.64626,-1.3031,-1.1659,3.3512,-0.09784,-0.13029,0.045374,0.64626,0.29982,0
-0.61456,-0.85488,-0.75805,-0.5645,-0.31336,-0.36377,0.036665,-0.036198,-0.69028,-0.75686,-0.2548,0.82843,-0.36377,0.30989,0
0.57722,0.17155,0.37163,0.58838,-0.52382,-0.36917,0.73043,0.52416,-0.6248,0.15218,0.28674,0.39898,-0.36917,-0.59521,0
0.91945,-0.054549,0.27968,0.62774,-1.9339,-0.69813,2.2185,2.6413,-0.80142,-0.50335,0.4789,1.5327,-0.69813,-0.6199,0
-2.1455,-2.4463,-2.508,-2.3461,-1.667,-0.70003,1.4176,1.9878,-0.87032,-1.7738,-1.7673,-0.13182,-0.70003,3.0967,0
-2.1342,-2.3272,-2.3953,-2.3339,-1.5335,-0.36121,0.68468,0.97129,-0.051255,-1.6081,-1.8064,-0.017478,-0.36121,3.0663,0
-2.1431,-2.4436,-2.3916,-2.0477,-1.3288,-0.36448,0.77004,1.1321,-0.30182,-1.9209,-2.1416,-0.15499,-0.36448,2.4171,0
-2.1381,-2.1731,-2.2355,-2.0417,-0.91185,-0.69822,0.5654,0.87726,-0.52058,-1.5215,-1.0554,1.2032,-0.69822,2.4048,0
0.91586,0.2066,0.45677,0.62407,-0.83864,-0.69854,0.92488,0.72412,-0.50698,0.78719,-0.87421,-1.8767,-0.69854,-0.61762,0
-2.1356,-2.4349,-2.3642,-2.3355,-1.1107,-0.36173,0.82329,1.2285,-0.34057,-1.5211,-1.7045,-0.048442,-0.36173,3.0701,0
1.2328,0.74765,1.218,1.229,0.58485,-0.36123,-0.10361,-0.40668,-0.017446,0.2708,0.19852,-0.1642,-0.36123,-0.96007,0
0.6176,0.47923,0.57256,0.6319,-0.013872,-0.44575,-0.11103,-0.3894,-0.69078,0.49524,0.031688,-0.46831,-0.44575,-0.62249,0
-2.1395,-2.0161,-2.21,-2.0434,-1.2551,-0.36316,0.031512,0.19918,0.058862,-1.421,-1.9071,-0.44941,-0.36316,2.4083,0
1.4714,0.74141,1.56,1.5192,1.0519,-0.36222,-0.67155,-0.86733,-0.47658,1.2754,1.313,0.32889,-0.36222,-1.1028,0
-2.1383,-2.1733,-2.2732,-2.0419,-1.1108,-0.36271,0.35401,0.59109,-0.40484,-1.2528,-1.7205,-0.5861,-0.36271,2.4052,0
1.2321,0.79994,1.5947,1.2283,1.9364,-0.36134,-0.78046,-0.93539,0.29961,1.6052,0.64749,-0.90425,-0.36134,-0.95968,0
0.85753,0.2359,0.71782,0.62695,0.36598,-0.36262,0.031161,-0.286,-0.87023,0.203,0.81959,0.47586,-0.36262,-0.61941,0
-2.1377,-2.4373,-2.3452,-2.0412,-1.206,-0.69813,0.91097,1.3242,-0.81905,-1.424,-1.849,-0.57872,-0.69813,2.4038,0
1.2252,0.79266,1.4269,1.2208,1.1744,-0.36249,-0.47283,-0.72419,-0.34822,0.96925,1.341,-0.64673,-0.36249,-0.95587,0
-1.2183,0.47872,-1.0352,-1.149,0.12013,0.98154,-1.2886,-1.0947,-0.71513,-0.41724,-0.64009,0.042917,0.98154,0.96067,0
1.2288,1.0084,1.647,1.2247,1.9776,-0.27792,-0.95051,-1.0551,0.717,0.4901,1.9744,1.3447,-0.27792,-0.95788,0
1.2288,1.0084,1.647,1.2247,2.205,-0.11001,-1.0201,-1.0977,0.51238,1.0467,1.8861,0.39031,-0.11001,-0.95788,0
0.0055102,-0.31585,-0.14564,0.038122,-0.91862,-0.36183,0.92991,0.83328,0.17435,-0.51714,-0.84413,-0.16977,-0.36183,-0.21195,0
-0.0010276,-0.32293,-0.23094,0.030989,-1.0258,-0.69858,1.2101,1.19,0.72254,-0.51098,-0.16235,0.29924,-0.69858,-0.20647,0
0.78154,0.1942,0.48285,0.61144,-0.65307,-0.36526,0.89788,0.78448,0.34653,0.24003,-0.034501,-0.61083,-0.36526,-0.60972,0
0.78154,0.1942,0.48285,0.61144,-0.59468,-0.36526,0.86047,0.70732,0.020222,0.38029,0.020222,-0.63942,-0.36526,-0.60972,0
-0.60925,0.051162,-0.28383,-0.26207,0.15872,0.30875,-0.64491,-0.57793,2.3791,-0.40711,0.43156,0.55204,0.30875,0.032408,0
0.0036309,-0.31788,0.0080264,0.036079,-0.16973,-0.61401,0.092354,-0.074264,-0.53351,-0.15175,0.15513,0.71699,-0.61401,-0.21038,0
1.2301,0.47984,0.66991,0.92928,-1.006,-0.69759,0.79857,0.61689,-0.87766,-0.11132,1.1515,1.7449,-0.69759,-0.7987,0
0.91547,0.20622,0.56359,0.92002,-1.2789,-0.36318,1.1058,1.087,-0.99624,-0.22574,0.75245,1.8252,-0.36318,-0.79347,0
1.2257,0.47546,0.85806,1.2214,-1.0861,-0.69807,1.3865,1.2308,-1.0022,-0.21501,1.9361,2.0455,-0.69807,-0.95614,0
0.91498,0.20573,0.39548,0.62318,-1.6217,-0.44711,0.89755,0.79294,-0.96001,0.46637,0.83548,0.99284,-0.44711,-0.61706,0
0.92518,0.21595,0.47174,0.93042,-1.7487,-0.3615,1.8975,2.2374,-1.5493,0.84156,1.9185,1.2447,-0.3615,-0.79935,0
0.6213,0.37728,0.62137,0.63589,0.076157,-0.3611,0.040535,-0.22288,-1.092,0.31291,-0.031755,-0.82943,-0.3611,-0.62497,0
1.2385,0.48826,0.69705,1.0865,-1.6288,-0.69666,1.8466,2.1266,1.6373,0.29015,0.34109,0.14389,-0.69666,-0.88337,0
1.2385,0.48826,0.69705,1.0865,-1.6686,-0.69666,1.9606,2.2529,1.7235,0.44612,0.3142,-0.021213,-0.69666,-0.88337,0
1.2385,0.48826,0.69705,1.0865,-1.4852,-0.69666,1.5719,1.7339,1.4618,0.23992,0.32363,-0.10651,-0.69666,-0.88337,0
-1.2431,-1.4044,-1.2608,-1.1771,-0.82707,-0.36868,-0.22635,-0.29539,-0.74471,-1.0073,-1.2352,-0.70885,-0.36868,0.99659,0
-2.136,-2.4353,-2.3359,-2.3359,-0.92292,-0.36187,0.72578,1.0366,-0.59686,-1.2104,-1.8371,-1.011,-0.36187,3.0711,0
0.28348,-0.34429,0.096289,0.0094467,0.18752,-0.36724,-0.027161,-0.21548,-0.37937,-0.31018,-0.03787,0.29586,-0.36724,-0.18981,0
1.2574,0.50705,0.65124,0.95712,-1.4905,-0.35719,1.8782,2.1997,-0.54069,-0.3922,-0.70693,-0.79375,-0.35719,-0.81434,0
0.90802,0.19875,0.58188,0.91203,-1.0987,-0.69944,1.0767,1.0683,-1.2021,0.58825,-0.57212,-1.3723,-0.69944,-0.78895,0
-0.89097,-0.82022,-0.67771,-0.82831,0.1482,-0.35644,-0.24705,-0.23828,0.28493,-0.042666,-0.12176,-0.14614,-0.35644,0.58258,0
0.90287,0.19358,0.5389,0.90651,-0.6589,-0.36536,0.87946,0.74965,-0.62427,0.22263,1.8281,1.165,-0.36536,-0.78581,0
0.89578,0.45014,0.75067,0.89891,-0.3801,-0.70086,0.43483,0.095319,-1.4331,-0.096833,-0.31433,-0.95355,-0.70086,-0.78148,0
1.2859,0.73928,1.35,1.2204,0.92783,-0.36256,-0.27611,-0.63327,1.2418,1.3922,0.086476,-1.3223,-0.36256,-0.95564,0
1.2087,0.45859,0.76907,0.90756,-0.88269,-0.36519,0.96977,0.96448,-0.59528,-0.895,0.63732,2.0941,-0.36519,-0.78641,0
0.93671,0.49305,0.95519,0.94279,0.37202,-0.27533,-0.22031,-0.43442,-0.35237,0.78265,1.4364,-0.13024,-0.27533,-0.80631,0
0.89245,0.18313,0.50117,0.60017,-1.4759,-0.36717,1.4584,1.5215,-0.57066,0.86368,1.1369,0.37243,-0.36717,-0.60264,0
0.88847,0.17915,0.63409,0.89107,-0.23923,-0.36786,0.52299,0.29213,-1.0707,-0.31897,0.56621,0.96374,-0.36786,-0.77701,0
0.31185,-0.31541,0.012474,0.038572,-0.4702,-0.36175,0.24183,0.061248,-0.8229,-0.19162,-0.35861,-0.224,-0.36175,-0.2123,0
-1.5283,-1.3809,-1.619,-1.7468,-1.1896,-0.36309,-0.99404,-0.90311,-0.97684,-1.2237,-1.1763,0.54605,-0.36309,1.8475,0
-1.5283,-1.3809,-1.6345,-1.7468,-1.2471,-0.36309,-0.96539,-0.89609,-0.98219,-1.0513,-0.6969,0.83288,-0.36309,1.8475,0
0.91557,0.20632,0.51367,0.62378,-0.97042,-0.36317,1.3978,1.3556,-0.65312,3.4232,0.77995,-2.2829,-0.36317,-0.61743,0
0.91625,0.20699,0.52452,0.62447,-1.1248,-0.53078,0.77048,0.5254,-1.1326,0.088756,1.5104,1.9087,-0.53078,-0.61787,0
0.91119,-0.0095656,0.39567,0.61931,-1.3539,-0.69909,1.8145,1.9447,-0.42548,0.41387,0.34518,-0.35809,-0.69909,-0.61465,0
-2.1319,-0.83884,-1.9882,-2.0344,-0.63769,-0.024025,-0.17645,0.024651,-0.63579,-1.4651,-1.1159,1.1252,-0.024025,2.3897,0
-2.1319,-0.83884,-1.9882,-2.0344,-0.64332,-0.024025,-0.21148,-0.00098904,-0.62654,-1.4112,-1.1319,1.0099,-0.024025,2.3897,0
-2.1433,-2.4438,-2.5281,-2.3438,-1.4217,-0.36455,1.5497,2.236,-0.71159,-1.94,-1.621,1.3946,-0.36455,3.0909,0
-2.1337,-2.4327,-2.4283,-2.3334,-1.3437,-0.36103,1.4091,2.0712,-1.0096,-1.6611,-1.5722,0.41275,-0.36103,3.065,0
0.91673,0.20748,0.49309,0.62497,-0.79817,-0.36297,1.2324,1.1404,-0.43378,0.18731,0.95284,0.55307,-0.36297,-0.61818,0
1.5308,0.7396,1.4813,1.5173,0.49346,-0.69814,-0.40663,-0.66844,-0.096923,1.7234,1.0736,-0.77267,-0.69814,-1.1019,0
-1.225,-1.6479,-1.4756,-1.1566,-1.4905,-0.36372,0.56248,0.56127,-0.86964,-1.4949,-1.7057,-0.12763,-0.36372,0.97036,0
-0.91741,1.0001,-0.61723,-1.1542,0.76546,0.6012,-1.2267,-1.0715,-0.26137,-0.35261,0.01315,0.38236,0.6012,0.96736,0
1.2255,0.74002,1.4516,1.5177,1.0634,-0.36244,-0.52354,-0.79002,0.54048,2.094,0.87605,-1.7113,-0.36244,-1.1021,0
-0.92217,-0.91049,-0.83082,-0.86324,0.14453,-0.36435,-0.16768,-0.28755,2.3862,0.0036771,-0.63094,-0.48038,-0.36435,0.62111,0
0.89965,0.19035,0.75968,0.60752,0.46794,-0.36593,-0.097637,-0.3841,-0.64986,0.36266,1.3097,1.4576,-0.36593,-0.60726,0
0.90355,-0.069765,0.29449,0.61151,-1.5293,-0.69997,2.4023,2.8446,-0.57674,-0.45648,-1.4819,-1.5926,-0.69997,-0.60976,0
1.4927,0.96508,1.6332,1.4768,1.8472,-0.36848,-0.75489,-0.94525,-0.79643,1.8198,2.2192,0.56068,-0.36848,-1.0827,0
0.61402,-0.054268,0.34159,0.62803,-0.86173,-0.6981,1.2927,1.262,0.97996,-0.41883,0.621,1.3252,-0.6981,-0.62009,0
0.91925,0.47475,0.72961,0.92407,0.32819,-0.36251,-0.18261,-0.39538,-0.35288,0.46423,0.0099925,-1.0266,-0.36251,-0.79577,0
0.61493,0.21147,0.62271,0.62903,0.33083,-0.36226,0.074535,-0.21537,0.088841,-0.12902,0.2883,0.12757,-0.36226,-0.62071,0
-2.1377,-2.4374,-2.4334,-2.3378,-1.2401,-0.36251,0.89238,1.2504,-0.21414,-1.8342,-1.673,0.48312,-0.36251,3.0758,0
0.7889,0.4661,0.88013,0.76717,0.86236,-0.36395,-0.518,-0.69311,-0.46942,0.59753,0.14132,-0.52745,-0.36395,-0.70264,0
0.81942,0.4661,0.88013,0.76717,1.0197,-0.28016,-0.50569,-0.68974,-0.24702,0.71594,0.2167,-0.56328,-0.28016,-0.70264,0
0.81942,0.4661,0.88013,0.76717,0.83671,-0.28016,-0.43216,-0.64085,-0.28117,0.32602,0.22253,-0.34581,-0.28016,-0.70264,0
0.60868,0.20485,0.44211,0.62228,-0.13156,-0.36341,0.56911,0.3565,-1.2796,0.17156,1.0132,0.57414,-0.36341,-0.6165,0
0.60071,-0.067709,0.16401,0.31786,-0.85273,-0.69972,1.0612,0.98046,-0.85596,0.019782,0.94048,0.97255,-0.69972,-0.41617,0
0.93433,-0.040305,0.43352,0.64293,-1.1956,-0.69641,1.3212,1.1975,-0.48387,0.44247,-0.7309,-1.6953,-0.69641,-0.62935,0
0.89953,0.19023,0.40019,0.6074,-1.1057,-0.70043,1.3929,1.3849,-0.29885,-0.0087648,-0.38238,-0.8549,-0.70043,-0.60719,0
0.66679,0.4661,0.81056,0.76717,0.72434,-0.36395,-0.43965,-0.61858,-0.48936,0.24033,0.075095,-0.27397,-0.36395,-0.70264,0
0.93053,0.22131,0.46445,0.93616,-1.4208,-0.36057,1.8539,2.1687,-1.3969,0.9002,1.3295,0.35386,-0.36057,-0.80258,0
0.8992,0.1899,0.38264,0.60707,-1.6179,-0.44962,2.2675,2.665,0.72631,2.5784,6.5092,3.1007,-0.44962,-0.60698,0
0.0026439,-0.58372,-0.33295,0.035,-1.0471,-0.36243,1.5125,1.6289,-0.37521,-1.4393,-1.0175,1.3855,-0.36243,-0.20955,0
0.91421,-0.059561,0.30591,0.62239,-1.6709,-0.69874,2.9534,3.5008,-0.81061,-1.1817,-0.011718,2.2462,-0.69874,-0.61657,0
0.911,0.4661,0.88013,0.91522,1.028,-0.28016,-0.55214,-0.71908,-0.34453,0.52822,0.13155,-0.38581,-0.28016,-0.79076,0
0.81942,0.4661,0.85603,0.61912,0.95025,-0.36395,-0.49219,-0.66728,-0.099652,0.33366,0.19159,-0.16533,-0.36395,-0.61453,0
0.84995,0.4661,0.88013,0.76717,0.88018,-0.36395,-0.43328,-0.63917,-0.31395,0.62539,0.56063,-0.051615,-0.36395,-0.70264,0
0.92265,-0.051479,0.33196,0.63101,-1.0731,-0.69776,1.243,1.2156,-0.040438,-0.45392,0.36332,1.2436,-0.69776,-0.62194,0
1.2204,0.73472,1.1563,1.2157,0.20136,-0.11175,0.10371,-0.17899,-0.060548,0.33508,0.75411,0.2155,-0.11175,-0.95323,0
0.84995,0.4661,0.88013,0.76717,1.0241,-0.36395,-0.51189,-0.69472,-0.36565,0.56345,0.31609,-0.30076,-0.36395,-0.70264,0
0.911,0.4661,0.88013,0.91522,0.88328,-0.36395,-0.47821,-0.67626,-0.31265,0.53767,0.11396,-0.38316,-0.36395,-0.79076,0
0.30768,-0.054928,0.065824,0.034296,-0.16612,-0.36256,0.58103,0.45182,-0.054266,-0.36092,0.45855,0.98359,-0.36256,-0.20901,0
0.7889,0.4661,0.88013,0.8412,1.0635,-0.19637,-0.57618,-0.74452,-0.0070871,0.47258,0.41884,-0.063261,-0.19637,-0.7467,0
-0.11407,-0.84291,-0.56252,-0.25567,-1.3339,-0.69729,1.3799,1.4747,0.99009,-0.24736,-0.73589,-1.025,-0.69729,0.026891,0
0.88048,0.4661,0.88013,0.76717,0.84665,-0.28016,-0.48551,-0.65857,-0.26525,0.44337,0.40084,-0.54024,-0.28016,-0.70264,0
1.2334,0.74822,1.1487,1.2296,-0.038565,-0.36114,0.27084,-0.040338,0.025137,0.60673,-0.64599,-1.1485,-0.36114,-0.96036,0
-0.92329,-1.1232,-1.0453,-0.86448,-0.87764,-0.36464,0.62634,0.64213,-0.16169,-0.81823,-1.3639,-0.7215,-0.36464,0.6225,0
0.60574,0.4661,0.88013,0.69315,0.94619,-0.23827,-0.5072,-0.68823,-0.51818,0.41425,0.078127,-0.54438,-0.23827,-0.65858,0
0.7889,0.4661,0.88013,0.61912,1.0575,-0.28016,-0.53517,-0.72114,-0.14923,0.71558,0.37852,-0.41154,-0.28016,-0.61453,0
-2.1381,-2.4378,-2.4995,-2.3382,-1.5269,-0.69823,1.4509,2.0331,-0.87079,-1.8556,-2.0508,0.1778,-0.69823,3.0768,0
0.84995,0.4661,0.88013,0.76717,0.86026,-0.36395,-0.45198,-0.6518,-0.33491,0.43817,0.065795,-0.40133,-0.36395,-0.70264,0
0.42631,-0.058732,0.16557,0.32695,-0.77978,-0.69863,1.0209,0.97111,-0.407,-0.40074,0.61681,1.34,-0.69863,-0.42247,0
0.911,0.4661,0.88013,0.76717,0.90448,-0.28016,-0.47122,-0.66281,-0.63098,0.41869,0.14048,-0.39948,-0.28016,-0.70264,0
0.911,0.4661,0.88013,0.91522,0.93592,-0.11259,-0.52763,-0.69063,-0.29671,0.65111,0.060348,-0.37564,-0.11259,-0.79076,0
1.2213,0.68276,1.19,1.2167,0.82108,-0.36313,-0.29439,-0.59233,0.16401,0.32475,0.53361,0.43695,-0.36313,-0.95373,0
0.31498,-0.047111,0.28795,0.041791,0.5639,-0.36113,-0.41243,-0.60854,0.46631,-0.19006,-0.053915,-0.048936,-0.36113,-0.21477,0
0.48345,-0.22143,0.082639,0.32281,-1.3645,-0.69913,0.76791,0.63116,-1.2625,-0.3387,-0.12335,0.46306,-0.69913,-0.41961,0
0.60951,-0.32337,-0.054315,0.32687,-2.1025,-0.69864,2.4898,3.0392,-0.79214,6.773,-0.35158,-4.1475,-0.69864,-0.42241,0
0.18498,-0.21421,0.015287,0.033844,-0.37775,-0.36264,0.1162,-0.10268,0.65744,0.20106,-0.082833,-0.50304,-0.36264,-0.20867,0
0.0053434,-0.58094,-0.45635,-0.25877,-1.3035,-0.69772,0.94815,0.95116,2.061,-0.86915,-0.018221,1.2617,-0.69772,0.029564,0
0.911,0.4661,0.88013,0.91522,0.90425,-0.19637,-0.53464,-0.70522,-0.55191,0.61802,0.35423,-0.54612,-0.19637,-0.79076,0
0.27302,-0.35496,0.012279,-0.0013031,-0.59653,-0.36928,0.58918,0.39116,-0.78249,-0.22764,-0.46227,1.4302,-0.36928,-0.18144,0
-0.61533,-0.59137,-0.48983,-0.56535,0.44299,-0.028793,-0.57215,-0.56466,3.3133,-0.38285,0.71018,1.5533,-0.028793,0.31072,0
0.911,0.4661,0.88013,0.91522,0.88307,-0.36395,-0.45753,-0.64359,0.018971,0.4102,0.12004,-0.39707,-0.36395,-0.79076,0
0.84995,0.4661,0.86622,0.91522,0.79984,-0.36395,-0.43583,-0.62282,-0.22233,0.50855,0.1046,-0.55759,-0.36395,-0.79076,0
-1.5175,-1.8981,-1.8619,-1.7353,-1.5233,-0.69637,-0.13822,-0.097583,-1.4528,-1.5657,-1.816,-0.075756,-0.69637,1.8278,0
0.81942,0.4661,0.85835,0.76717,0.76743,-0.28016,-0.44333,-0.61686,-0.44211,0.33633,-0.0011021,-0.53472,-0.28016,-0.70264,0
0.84995,0.4661,0.88013,0.61912,0.88101,-0.36395,-0.50511,-0.65887,-0.33089,0.43567,0.29624,-0.32685,-0.36395,-0.61453,0
0.31089,-0.31638,-0.004724,0.037588,0.14751,-0.6138,0.32621,0.042092,-0.23882,-0.36782,-0.052291,-0.077927,-0.6138,-0.21154,0
0.84995,0.4661,0.88013,0.61912,0.98909,-0.36395,-0.49645,-0.68532,-0.0019535,0.30479,-0.0876,-0.5292,-0.36395,-0.61453,0
0.59785,0.19339,0.49069,0.61061,0.085138,-0.36539,0.3738,0.077244,-0.057193,0.14335,1.7465,1.9594,-0.36539,-0.6092,0
0.911,0.4661,0.88013,0.91522,0.86043,-0.36395,-0.50994,-0.68636,-0.2028,0.51354,0.25714,-0.5851,-0.36395,-0.79076,0
0.61355,-0.31947,0.048181,0.331,-1.2002,-0.69816,1.3354,1.3344,-1.2498,-0.41284,-0.90355,-0.38017,-0.69816,-0.42527,0
0.84995,0.4661,0.88013,0.76717,0.80403,-0.36395,-0.45827,-0.63674,0.013125,0.26247,0.38862,-0.1916,-0.36395,-0.70264,0
0.81942,0.4661,0.88013,0.76717,0.98341,-0.15448,-0.49841,-0.68005,-0.3935,0.47357,0.20316,-0.5623,-0.15448,-0.70264,0
0.7889,0.4661,0.88013,0.61912,0.87818,-0.36395,-0.4768,-0.66862,-0.41772,0.42614,-0.10192,-0.5377,-0.36395,-0.61453,0
-0.91806,-1.1172,-1.0116,-0.85863,-0.65964,-0.36331,0.6668,0.68134,-0.10982,-0.78688,-0.58079,0.49544,-0.36331,0.616,0
0.911,0.4661,0.88013,0.91522,0.84452,-0.19637,-0.53206,-0.67369,-0.14067,0.64279,0.11824,-0.7525,-0.19637,-0.79076,0
0.88048,0.4661,0.88013,0.69315,0.95063,-0.32205,-0.52875,-0.70216,-0.58883,0.6014,0.69014,-0.018279,-0.32205,-0.65858,0
0.911,0.4661,0.88013,0.76717,0.80842,-0.28016,-0.48359,-0.66791,-0.00077467,0.41957,0.21134,-0.29632,-0.28016,-0.70264,0
0.60804,0.20417,0.47634,0.6216,-0.2552,-0.36353,0.17555,-0.070028,-0.78407,0.58987,-0.19654,-1.3032,-0.36353,-0.61607,0
0.88544,0.7025,1.1723,1.1826,1.5815,-0.034714,-0.69054,-0.85615,0.38898,0.45525,1.9936,1.3551,-0.034714,-0.93608,0
0.73075,0.46925,0.59301,0.91845,-0.36785,-0.36343,0.47995,0.22998,-0.89756,0.36218,0.064296,-1.2932,-0.36343,-0.79258,0
0.89592,0.39756,0.65598,0.89906,-0.47515,-0.36657,0.61757,0.38099,-1.0038,0.073666,0.1925,-0.3657,-0.36657,-0.78157,0
0.89592,0.39756,0.65598,0.89906,-0.64953,-0.36657,0.70862,0.53329,-1.2471,0.080011,0.47742,0.35074,-0.36657,-0.78157,0
1.4633,0.79491,1.2918,1.2775,0.23968,-0.35374,-0.28156,-0.61447,-0.30704,0.29314,1.0005,0.19797,-0.35374,-0.9848,0
0.60428,0.46448,0.65681,0.61754,0.25775,-0.36422,0.11847,-0.14123,-0.89166,-0.25323,0.60833,1.2304,-0.36422,-0.61354,0
-0.91806,-1.1172,-1.0289,-0.85863,-0.70486,-0.36331,0.74399,0.80115,-0.15941,-0.91727,-0.5279,1.0984,-0.36331,0.616,0
-0.60968,-1.0083,-0.76999,-0.85559,0.038762,-0.36262,-0.071305,-0.10847,0.79639,-0.51618,-0.95237,-0.73143,-0.36262,0.61262,0
-0.64292,-0.88646,-0.82382,-0.59595,-0.28119,-0.37044,-0.11644,-0.16895,0.887,-0.90608,-0.86988,-0.1855,-0.37044,0.34079,0
-2.1251,-2.1569,-2.241,-2.0263,-1.0327,-0.3579,0.20615,0.45692,-0.60438,-1.6103,-2.0049,0.085774,-0.3579,2.3733,0
-0.91733,-1.0635,-0.75122,-0.85781,0.18183,-0.36312,-0.17074,-0.26629,0.23886,-0.94732,-0.44174,0.90924,-0.36312,0.61509,0
-2.1298,-2.4283,-2.5322,-2.3293,-1.6663,-0.69622,1.5256,2.1687,-0.088206,-1.8271,-1.7483,0.47191,-0.69622,3.0547,1
0.3015,-0.32595,-0.031463,0.027943,-0.44066,-0.36376,0.68855,0.51918,1.2889,-0.2557,-0.10337,-0.31272,-0.36376,-0.20412,1
1.2067,0.72055,1.4642,1.4968,1.5747,-0.36552,-0.67093,-0.83846,0.51635,0.63945,1.1165,0.47993,-0.36552,-1.0922,1
1.2099,0.7238,1.201,1.2045,0.16434,-0.36501,0.010969,-0.32321,0.41347,0.6071,1.0829,-0.22236,-0.36501,-0.94743,1
1.5308,0.7396,1.604,1.2207,1.791,-0.36251,-0.60689,-0.8581,0.63479,2.154,-0.039591,-2.251,-0.36251,-0.95581,1
-0.63417,-0.40295,-0.532,-0.58623,0.25576,-0.034706,-0.56676,-0.60482,0.70016,-0.30043,-0.74406,-0.49518,-0.034706,0.3312,1
-1.2111,-1.3674,-1.3494,-1.1408,-1.0731,-0.69639,0.52241,0.56652,-0.36274,-0.968,-0.97069,0.035879,-0.69639,0.95035,0
0.91518,0.47048,0.73182,0.91971,0.026752,-0.36323,-0.17117,-0.43493,-1.4729,0.52283,1.0913,0.68747,-0.36323,-0.7933,0
-0.6013,-0.68097,-0.54845,-0.5498,0.64226,-0.024395,-0.46584,-0.53275,1.3096,-0.3841,-0.69163,-0.86346,-0.024395,0.29559,1
1.2207,0.57631,1.2598,1.216,0.71689,-0.36324,-0.38706,-0.70202,0.67702,0.085674,0.53554,0.53715,-0.36324,-0.9534,0
0.61687,0.21352,0.57414,0.63111,-0.030561,-0.36191,0.19845,-0.12576,0.0061352,0.38682,0.32817,-0.070772,-0.36191,-0.622,0
-0.61218,-1.1168,-0.85192,-0.56185,-0.93078,-0.36322,1.0322,1.1139,2.2606,-0.38404,-0.57317,-0.51071,-0.36322,0.30731,0
-0.60917,-1.1136,-0.87925,-0.55853,-1.2137,-0.69814,1.4398,1.6581,3.5579,-0.90043,-0.98787,-0.23041,-0.69814,0.30408,0
1.2078,0.66891,1.105,1.2024,0.3036,-0.36534,0.11088,-0.24719,-0.39195,0.61014,1.2777,0.6001,-0.36534,-0.94633,0
-0.60924,-0.84896,-0.7126,-0.5586,-0.51598,-0.36252,0.37161,0.30508,1.68,-0.57121,-0.40414,-0.039058,-0.36252,0.30415,0
1.2337,0.74863,1.4062,1.23,1.4336,-0.36107,-0.61167,-0.84311,1.2423,0.7095,1.2834,0.58585,-0.36107,-0.96058,0
1.5435,0.75225,1.3102,1.4566,0.16338,-0.36051,-0.043,-0.378,0.16084,1.0094,0.32551,-0.72431,-0.36051,-1.0718,0
0.92372,0.47943,0.66496,0.92886,-0.38641,-0.36175,0.38656,0.15998,-0.9892,0.74705,0.7179,-0.51072,-0.36175,-0.79847,0
1.5265,0.73536,1.1153,1.2164,-0.42544,-0.44703,0.4655,0.14078,0.35717,0.77356,-0.036516,-0.7965,-0.44703,-0.95357,0
1.5303,0.73918,1.3852,1.2203,0.55946,-0.53038,-0.10711,-0.48744,0.76585,0.67359,0.86712,0.18904,-0.53038,-0.95559,0
1.5179,0.72689,1.2676,1.2077,0.65588,-0.532,-0.29386,-0.64377,0.13182,0.62517,2.2615,1.725,-0.532,-0.94908,0
0.30785,-0.054735,0.37423,0.331,1.1086,-0.026897,-0.45631,-0.5931,-0.36913,0.17277,0.93888,0.69826,-0.026897,-0.42526,0
-1.2228,-1.2751,-1.1718,-1.1541,-0.65846,-0.36311,-0.11133,-0.14542,0.50915,-0.89781,-0.73355,0.50272,-0.36311,0.96719,0
-1.2232,-0.69357,-0.90686,-1.1546,0.29208,-0.027834,-0.84906,-0.82294,-0.25194,-0.64435,0.078688,1.0436,-0.027834,0.9678,0
0.3075,-0.31983,-0.10403,0.034111,-0.68948,-0.36259,0.99378,0.87373,-0.89002,0.054743,0.40061,0.77605,-0.36259,-0.20887,0
1.4998,0.73917,1.4456,1.2203,1.3454,-0.44647,-0.48702,-0.7872,0.81293,0.91143,0.67648,-0.49132,-0.44647,-0.95559,0
-1.5354,-1.6539,-1.6316,-1.4586,-0.76007,-0.36522,-0.56841,-0.54818,-0.81164,-1.1063,-0.96553,0.62358,-0.36522,1.3855,0
-0.0011157,-0.58758,-0.32959,0.030898,-0.62832,-0.36319,1.0271,0.88659,0.20056,-0.22714,0.56931,0.68111,-0.36319,-0.2064,0
-0.0011157,-0.58757,-0.25811,0.030898,-0.55084,-0.36319,0.94479,0.86618,-0.0837,-0.10972,0.40172,0.76843,-0.36319,-0.2064,0
1.2197,0.73407,1.4598,1.215,1.2543,-0.36338,-0.5701,-0.79032,-0.25713,1.4183,0.9191,-1.0368,-0.36338,-0.95289,0
1.2211,0.73546,1.0859,1.2165,-0.32683,-0.36316,0.46783,0.25376,-0.12924,0.7124,0.38861,-0.53961,-0.36316,-0.95362,0
0.30767,-0.31965,-0.0083702,0.034288,-0.43645,-0.36255,0.22641,0.028168,0.68841,-0.51205,0.24917,0.14886,-0.36255,-0.20901,0
0.005504,-0.31585,-0.14956,0.03812,-0.34681,-0.36183,0.55745,0.46439,0.175,-0.84067,-0.48804,1.1262,-0.36183,-0.21195,0
1.5348,0.79662,1.5464,1.2249,1.275,-0.36186,-0.4564,-0.73189,0.40112,0.94361,1.137,0.54776,-0.36186,-0.95795,0
-0.61039,-0.85023,-0.76734,-0.55987,-0.88796,-0.36278,0.63812,0.69589,0.14028,-0.45924,-0.52117,0.3396,-0.36278,0.30538,0
1.229,0.74373,1.2233,1.225,0.31294,-0.4878,-0.2046,-0.52167,-0.22509,0.79247,0.73412,-0.16926,-0.4878,-0.958,0
-2.1256,-2.4233,-2.3349,-2.3247,-1.1848,-0.35807,0.66919,1.0398,-0.052418,-1.6033,-1.9356,-0.14545,-0.35807,3.0433,0
1.4666,0.67608,1.5973,1.1555,2.2362,-0.37257,-0.87002,-1.0201,-0.57448,0.92713,1.0791,-0.45441,-0.37257,-0.92189,0
0.0081257,-0.047947,0.15665,0.040983,0.1068,-0.19327,-0.32597,-0.47534,1.6702,0.046854,-0.071764,0.09512,-0.19327,-0.21415,0
-0.67645,-0.85581,-0.84887,-0.71348,-0.61857,-0.36396,0.090546,0.010727,2.4273,-0.49136,-0.53752,0.16839,-0.36396,0.46501,0
-2.1395,-2.4395,-2.438,-2.3398,-1.3702,-0.36319,0.98487,1.3866,-0.52696,-1.7148,-1.8615,0.30245,-0.36319,3.0807,0
0.91925,0.73949,1.2575,0.92407,2.1065,-0.02689,-0.94375,-1.0336,-0.67345,3.0942,0.81454,-2.2235,-0.02689,-0.79577,0
-0.7696,-1.1219,-1.0009,-0.86322,-0.95275,-0.36435,0.57532,0.55091,-0.52836,-0.92136,-0.44223,0.97264,-0.36435,0.62109,0
0.90657,0.19729,0.53646,0.61459,-0.56745,-0.36472,0.72671,0.55682,-0.87356,0.18475,0.95346,1.2907,-0.36472,-0.61169,0
0.0020711,-0.58431,-0.21186,-0.11389,-0.5158,-0.36254,0.52555,0.36631,0.1619,0.047249,-0.38003,-0.31401,-0.36254,-0.088299,0
-2.1382,-2.438,-2.4781,-2.3383,-1.3117,-0.69827,1.391,1.9116,-1.0575,-1.7892,-2.011,0.036919,-0.69827,3.0772,0
-2.1446,-2.4454,-2.3867,-2.3452,-1.4467,-0.36504,0.77633,1.1169,-0.81055,-1.6478,-1.9703,-0.18435,-0.36504,3.0944,0
-0.91229,-1.1107,-1.0618,-0.85217,-0.88591,-0.36185,0.73955,0.78576,1.448,-0.63792,0.030096,0.82552,-0.36185,0.60884,0
-0.01452,-0.33752,-0.14915,0.016267,-0.73154,-0.36595,0.78373,0.71918,-0.2389,-0.69724,0.174,0.82577,-0.36595,-0.1951,0
0.91906,0.47454,0.81405,0.92387,0.16319,-0.36256,0.037785,-0.23609,-0.40599,0.051271,1.4016,1.3314,-0.36256,-0.79565,0
0.91906,0.47454,0.84607,0.92387,0.25753,-0.36256,-0.005355,-0.26481,0.095448,0.19971,1.9212,1.7448,-0.36256,-0.79565,0
